number,time,thscode,ths_future_code_future,ths_mini_chg_price_future,ths_contract_multiplier,ths_trade_deposit_future,ths_transaction_procedure_rate_future,ths_transaction_procedure_fee_future,ths_open_time_day_future,ths_close_time_day_future,ths_open_time_night_future,ths_close_time_night_future,ths_exchange_name_eng_future,
1,2024-04-01,SIZL.GFE,SIZL2,5.0000,5.0000,"4,740.0000",0.1000,--,9:00:00,15:00:00,--,--,GFEX,
2,2024-03-29,SIZL.GFE,SIZL2,5.0000,5.0000,"4,818.0000",0.1000,--,9:00:00,15:00:00,--,--,GFEX,
3,2024-03-28,SIZL.GFE,SIZL2,5.0000,5.0000,"4,848.0000",0.1000,--,9:00:00,15:00:00,--,--,GFEX,
4,2024-03-27,SIZL.GFE,SIZL2,5.0000,5.0000,"4,880.0000",0.1000,--,9:00:00,15:00:00,--,--,GFEX,
5,2024-03-26,SIZL.GFE,SIZL2,5.0000,5.0000,"4,942.0000",0.1000,--,9:00:00,15:00:00,--,--,GFEX,
6,2024-03-25,SIZL.GFE,SIZL2,5.0000,5.0000,"4,990.0000",0.1000,--,9:00:00,15:00:00,--,--,GFEX,
7,2024-03-22,SIZL.GFE,SIZL2,5.0000,5.0000,"5,042.0000",0.1000,--,9:00:00,15:00:00,--,--,GFEX,
8,2024-03-21,SIZL.GFE,SIZL2,5.0000,5.0000,"5,078.0000",0.1000,--,9:00:00,15:00:00,--,--,GFEX,
9,2024-03-20,SIZL.GFE,SIZL2,5.0000,5.0000,"5,080.0000",0.1000,--,9:00:00,15:00:00,--,--,GFEX,
10,2024-03-19,SIZL.GFE,SIZL2,5.0000,5.0000,"5,078.0000",0.1000,--,9:00:00,15:00:00,--,--,GFEX,
11,2024-03-18,SIZL.GFE,SIZL2,5.0000,5.0000,"5,096.0000",0.1000,--,9:00:00,15:00:00,--,--,GFEX,
12,2024-03-15,SIZL.GFE,SIZL2,5.0000,5.0000,"5,124.0000",0.1000,--,9:00:00,15:00:00,--,--,GFEX,
13,2024-03-14,SIZL.GFE,SIZL2,5.0000,5.0000,"5,302.0000",0.1000,--,9:00:00,15:00:00,--,--,GFEX,
14,2024-03-13,SIZL.GFE,SIZL2,5.0000,5.0000,"5,314.0000",0.1000,--,9:00:00,15:00:00,--,--,GFEX,
15,2024-03-12,SIZL.GFE,SIZL2,5.0000,5.0000,"5,316.0000",0.1000,--,9:00:00,15:00:00,--,--,GFEX,
16,2024-03-11,SIZL.GFE,SIZL2,5.0000,5.0000,"5,308.0000",0.1000,--,9:00:00,15:00:00,--,--,GFEX,
17,2024-03-08,SIZL.GFE,SIZL2,5.0000,5.0000,"5,308.0000",0.1000,--,9:00:00,15:00:00,--,--,GFEX,
18,2024-03-07,SIZL.GFE,SIZL2,5.0000,5.0000,"5,330.0000",0.1000,--,9:00:00,15:00:00,--,--,GFEX,
19,2024-03-06,SIZL.GFE,SIZL2,5.0000,5.0000,"5,316.0000",0.1000,--,9:00:00,15:00:00,--,--,GFEX,
20,2024-03-05,SIZL.GFE,SIZL2,5.0000,5.0000,"5,356.0000",0.1000,--,9:00:00,15:00:00,--,--,GFEX,
21,2024-03-04,SIZL.GFE,SIZL2,5.0000,5.0000,"5,356.0000",0.1000,--,9:00:00,15:00:00,--,--,GFEX,
22,2024-03-01,SIZL.GFE,SIZL2,5.0000,5.0000,"5,338.0000",0.1000,--,9:00:00,15:00:00,--,--,GFEX,
23,2024-02-29,SIZL.GFE,SIZL2,5.0000,5.0000,"5,266.0000",0.1000,--,9:00:00,15:00:00,--,--,GFEX,
24,2024-02-28,SIZL.GFE,SIZL2,5.0000,5.0000,"5,328.0000",0.1000,--,9:00:00,15:00:00,--,--,GFEX,
25,2024-02-27,SIZL.GFE,SIZL2,5.0000,5.0000,"5,324.0000",0.1000,--,9:00:00,15:00:00,--,--,GFEX,
26,2024-02-26,SIZL.GFE,SIZL2,5.0000,5.0000,"5,328.0000",0.1000,--,9:00:00,15:00:00,--,--,GFEX,
27,2024-02-23,SIZL.GFE,SIZL2,5.0000,5.0000,"5,362.0000",0.1000,--,9:00:00,15:00:00,--,--,GFEX,
28,2024-02-22,SIZL.GFE,SIZL2,5.0000,5.0000,"5,338.0000",0.1000,--,9:00:00,15:00:00,--,--,GFEX,
29,2024-02-21,SIZL.GFE,SIZL2,5.0000,5.0000,"5,348.0000",0.1000,--,9:00:00,15:00:00,--,--,GFEX,
30,2024-02-20,SIZL.GFE,SIZL2,5.0000,5.0000,"5,354.0000",0.1000,--,9:00:00,15:00:00,--,--,GFEX,
31,2024-02-19,SIZL.GFE,SIZL2,5.0000,5.0000,"5,342.0000",0.1000,--,9:00:00,15:00:00,--,--,GFEX,
32,2024-02-08,SIZL.GFE,SIZL2,5.0000,5.0000,"7,411.2500",0.1000,--,9:00:00,15:00:00,--,--,GFEX,
33,2024-02-07,SIZL.GFE,SIZL2,5.0000,5.0000,"7,389.2500",0.1000,--,9:00:00,15:00:00,--,--,GFEX,
34,2024-02-06,SIZL.GFE,SIZL2,5.0000,5.0000,"5,919.7500",0.1000,--,9:00:00,15:00:00,--,--,GFEX,
35,2024-02-05,SIZL.GFE,SIZL2,5.0000,5.0000,"5,964.7500",0.1000,--,9:00:00,15:00:00,--,--,GFEX,
36,2024-02-02,SIZL.GFE,SIZL2,5.0000,5.0000,"5,964.7500",0.1000,--,9:00:00,15:00:00,--,--,GFEX,
37,2024-02-01,SIZL.GFE,SIZL2,5.0000,5.0000,"5,924.2500",0.1000,--,9:00:00,15:00:00,--,--,GFEX,
38,2024-01-31,SIZL.GFE,SIZL2,5.0000,5.0000,"5,967.0000",0.1000,--,9:00:00,15:00:00,--,--,GFEX,
39,2024-01-30,SIZL.GFE,SIZL2,5.0000,5.0000,"5,989.5000",0.1000,--,9:00:00,15:00:00,--,--,GFEX,
40,2024-01-29,SIZL.GFE,SIZL2,5.0000,5.0000,"5,949.0000",0.1000,--,9:00:00,15:00:00,--,--,GFEX,
41,2024-01-26,SIZL.GFE,SIZL2,5.0000,5.0000,"6,018.7500",0.1000,--,9:00:00,15:00:00,--,--,GFEX,
42,2024-01-25,SIZL.GFE,SIZL2,5.0000,5.0000,"6,050.2500",0.1000,--,9:00:00,15:00:00,--,--,GFEX,
43,2024-01-24,SIZL.GFE,SIZL2,5.0000,5.0000,"6,016.5000",0.1000,--,9:00:00,15:00:00,--,--,GFEX,
44,2024-01-23,SIZL.GFE,SIZL2,5.0000,5.0000,"6,016.5000",0.1000,--,9:00:00,15:00:00,--,--,GFEX,
45,2024-01-22,SIZL.GFE,SIZL2,5.0000,5.0000,"6,050.2500",0.1000,--,9:00:00,15:00:00,--,--,GFEX,
46,2024-01-19,SIZL.GFE,SIZL2,5.0000,5.0000,"6,045.7500",0.1000,--,9:00:00,15:00:00,--,--,GFEX,
47,2024-01-18,SIZL.GFE,SIZL2,5.0000,5.0000,"5,976.0000",0.1000,--,9:00:00,15:00:00,--,--,GFEX,
48,2024-01-17,SIZL.GFE,SIZL2,5.0000,5.0000,"6,036.7500",0.1000,--,9:00:00,15:00:00,--,--,GFEX,
49,2024-01-16,SIZL.GFE,SIZL2,5.0000,5.0000,"6,099.7500",0.1000,--,9:00:00,15:00:00,--,--,GFEX,
50,2024-01-15,SIZL.GFE,SIZL2,5.0000,5.0000,"6,147.0000",0.1000,--,9:00:00,15:00:00,--,--,GFEX,
51,2024-01-12,SIZL.GFE,SIZL2,5.0000,5.0000,"6,185.2500",0.1000,--,9:00:00,15:00:00,--,--,GFEX,
52,2024-01-11,SIZL.GFE,SIZL2,5.0000,5.0000,"6,241.5000",0.1000,--,9:00:00,15:00:00,--,--,GFEX,
53,2024-01-10,SIZL.GFE,SIZL2,5.0000,5.0000,"6,266.2500",0.1000,--,9:00:00,15:00:00,--,--,GFEX,
54,2024-01-09,SIZL.GFE,SIZL2,5.0000,5.0000,"6,221.2500",0.1000,--,9:00:00,15:00:00,--,--,GFEX,
55,2024-01-08,SIZL.GFE,SIZL2,5.0000,5.0000,"6,261.7500",0.1000,--,9:00:00,15:00:00,--,--,GFEX,
56,2024-01-05,SIZL.GFE,SIZL2,5.0000,5.0000,"6,320.2500",0.1000,--,9:00:00,15:00:00,--,--,GFEX,
57,2024-01-04,SIZL.GFE,SIZL2,5.0000,5.0000,"6,444.0000",0.1000,--,9:00:00,15:00:00,--,--,GFEX,
58,2024-01-03,SIZL.GFE,SIZL2,5.0000,5.0000,"6,457.5000",0.1000,--,9:00:00,15:00:00,--,--,GFEX,
59,2024-01-02,SIZL.GFE,SIZL2,5.0000,5.0000,"6,417.0000",0.1000,--,9:00:00,15:00:00,--,--,GFEX,
60,2023-12-29,SIZL.GFE,SIZL2,5.0000,5.0000,"7,112.5000",0.1000,--,9:00:00,15:00:00,--,--,GFEX,
61,2023-12-28,SIZL.GFE,SIZL2,5.0000,5.0000,"7,107.5000",0.1000,--,9:00:00,15:00:00,--,--,GFEX,
62,2023-12-27,SIZL.GFE,SIZL2,5.0000,5.0000,"6,412.5000",0.1000,--,9:00:00,15:00:00,--,--,GFEX,
63,2023-12-26,SIZL.GFE,SIZL2,5.0000,5.0000,"6,441.7500",0.1000,--,9:00:00,15:00:00,--,--,GFEX,
64,2023-12-25,SIZL.GFE,SIZL2,5.0000,5.0000,"6,421.5000",0.1000,--,9:00:00,15:00:00,--,--,GFEX,
65,2023-12-22,SIZL.GFE,SIZL2,5.0000,5.0000,"6,405.7500",0.1000,--,9:00:00,15:00:00,--,--,GFEX,
66,2023-12-21,SIZL.GFE,SIZL2,5.0000,5.0000,"6,392.2500",0.1000,--,9:00:00,15:00:00,--,--,GFEX,
67,2023-12-20,SIZL.GFE,SIZL2,5.0000,5.0000,"6,426.0000",0.1000,--,9:00:00,15:00:00,--,--,GFEX,
68,2023-12-19,SIZL.GFE,SIZL2,5.0000,5.0000,"6,354.0000",0.1000,--,9:00:00,15:00:00,--,--,GFEX,
69,2023-12-18,SIZL.GFE,SIZL2,5.0000,5.0000,"6,225.7500",0.1000,--,9:00:00,15:00:00,--,--,GFEX,
70,2023-12-15,SIZL.GFE,SIZL2,5.0000,5.0000,"6,219.0000",0.1000,--,9:00:00,15:00:00,--,--,GFEX,
71,2023-12-14,SIZL.GFE,SIZL2,5.0000,5.0000,"6,192.0000",0.1000,--,9:00:00,15:00:00,--,--,GFEX,
72,2023-12-13,SIZL.GFE,SIZL2,5.0000,5.0000,"6,169.5000",0.1000,--,9:00:00,15:00:00,--,--,GFEX,
73,2023-12-12,SIZL.GFE,SIZL2,5.0000,5.0000,"6,205.5000",0.1000,--,9:00:00,15:00:00,--,--,GFEX,
74,2023-12-11,SIZL.GFE,SIZL2,5.0000,5.0000,"6,201.0000",0.1000,--,9:00:00,15:00:00,--,--,GFEX,
75,2023-12-08,SIZL.GFE,SIZL2,5.0000,5.0000,"6,216.7500",0.1000,--,9:00:00,15:00:00,--,--,GFEX,
76,2023-12-07,SIZL.GFE,SIZL2,5.0000,5.0000,"6,165.0000",0.1000,--,9:00:00,15:00:00,--,--,GFEX,
77,2023-12-06,SIZL.GFE,SIZL2,5.0000,5.0000,"6,093.0000",0.1000,--,9:00:00,15:00:00,--,--,GFEX,
78,2023-12-05,SIZL.GFE,SIZL2,5.0000,5.0000,"6,016.5000",0.1000,--,9:00:00,15:00:00,--,--,GFEX,
79,2023-12-04,SIZL.GFE,SIZL2,5.0000,5.0000,"6,277.5000",0.1000,--,9:00:00,15:00:00,--,--,GFEX,
80,2023-12-01,SIZL.GFE,SIZL2,5.0000,5.0000,"6,270.7500",0.1000,--,9:00:00,15:00:00,--,--,GFEX,
81,2023-11-30,SIZL.GFE,SIZL2,5.0000,5.0000,"6,282.0000",0.1000,--,9:00:00,15:00:00,--,--,GFEX,
82,2023-11-29,SIZL.GFE,SIZL2,5.0000,5.0000,"6,293.2500",0.1000,--,9:00:00,15:00:00,--,--,GFEX,
83,2023-11-28,SIZL.GFE,SIZL2,5.0000,5.0000,"6,268.5000",0.1000,--,9:00:00,15:00:00,--,--,GFEX,
84,2023-11-27,SIZL.GFE,SIZL2,5.0000,5.0000,"6,336.0000",0.1000,--,9:00:00,15:00:00,--,--,GFEX,
85,2023-11-24,SIZL.GFE,SIZL2,5.0000,5.0000,"6,385.5000",0.1000,--,9:00:00,15:00:00,--,--,GFEX,
86,2023-11-23,SIZL.GFE,SIZL2,5.0000,5.0000,"6,378.7500",0.1000,--,9:00:00,15:00:00,--,--,GFEX,
87,2023-11-22,SIZL.GFE,SIZL2,5.0000,5.0000,"6,412.5000",0.1000,--,9:00:00,15:00:00,--,--,GFEX,
88,2023-11-21,SIZL.GFE,SIZL2,5.0000,5.0000,"6,448.5000",0.1000,--,9:00:00,15:00:00,--,--,GFEX,
89,2023-11-20,SIZL.GFE,SIZL2,5.0000,5.0000,"6,462.0000",0.1000,--,9:00:00,15:00:00,--,--,GFEX,
90,2023-11-17,SIZL.GFE,SIZL2,5.0000,5.0000,"6,423.7500",0.1000,--,9:00:00,15:00:00,--,--,GFEX,
91,2023-11-16,SIZL.GFE,SIZL2,5.0000,5.0000,"6,358.5000",0.1000,--,9:00:00,15:00:00,--,--,GFEX,
92,2023-11-15,SIZL.GFE,SIZL2,5.0000,5.0000,"6,363.0000",0.1000,--,9:00:00,15:00:00,--,--,GFEX,
93,2023-11-14,SIZL.GFE,SIZL2,5.0000,5.0000,"6,338.2500",0.1000,--,9:00:00,15:00:00,--,--,GFEX,
94,2023-11-13,SIZL.GFE,SIZL2,5.0000,5.0000,"6,331.5000",0.1000,--,9:00:00,15:00:00,--,--,GFEX,
95,2023-11-10,SIZL.GFE,SIZL2,5.0000,5.0000,"6,374.2500",0.1000,--,9:00:00,15:00:00,--,--,GFEX,
96,2023-11-09,SIZL.GFE,SIZL2,5.0000,5.0000,"6,363.0000",0.1000,--,9:00:00,15:00:00,--,--,GFEX,
97,2023-11-08,SIZL.GFE,SIZL2,5.0000,5.0000,"6,288.7500",0.1000,--,9:00:00,15:00:00,--,--,GFEX,
98,2023-11-07,SIZL.GFE,SIZL2,5.0000,5.0000,"6,372.0000",0.1000,--,9:00:00,15:00:00,--,--,GFEX,
99,2023-11-06,SIZL.GFE,SIZL2,5.0000,5.0000,"6,401.2500",0.1000,--,9:00:00,15:00:00,--,--,GFEX,
100,2023-11-03,SIZL.GFE,SIZL2,5.0000,5.0000,"6,363.0000",0.1000,--,9:00:00,15:00:00,--,--,GFEX,
101,2023-11-02,SIZL.GFE,SIZL2,5.0000,5.0000,"6,338.2500",0.1000,--,9:00:00,15:00:00,--,--,GFEX,
102,2023-11-01,SIZL.GFE,SIZL2,5.0000,5.0000,"6,327.0000",0.1000,--,9:00:00,15:00:00,--,--,GFEX,
103,2023-10-31,SIZL.GFE,SIZL2,5.0000,5.0000,"6,392.2500",0.1000,--,9:00:00,15:00:00,--,--,GFEX,
104,2023-10-30,SIZL.GFE,SIZL2,5.0000,5.0000,"6,349.5000",0.1000,--,9:00:00,15:00:00,--,--,GFEX,
105,2023-10-27,SIZL.GFE,SIZL2,5.0000,5.0000,"6,297.7500",0.1000,--,9:00:00,15:00:00,--,--,GFEX,
106,2023-10-26,SIZL.GFE,SIZL2,5.0000,5.0000,"6,356.2500",0.1000,--,9:00:00,15:00:00,--,--,GFEX,
107,2023-10-25,SIZL.GFE,SIZL2,5.0000,5.0000,"6,534.0000",0.1000,--,9:00:00,15:00:00,--,--,GFEX,
108,2023-10-24,SIZL.GFE,SIZL2,5.0000,5.0000,"6,522.7500",0.1000,--,9:00:00,15:00:00,--,--,GFEX,
109,2023-10-23,SIZL.GFE,SIZL2,5.0000,5.0000,"6,516.0000",0.1000,--,9:00:00,15:00:00,--,--,GFEX,
110,2023-10-20,SIZL.GFE,SIZL2,5.0000,5.0000,"6,547.5000",0.1000,--,9:00:00,15:00:00,--,--,GFEX,
111,2023-10-19,SIZL.GFE,SIZL2,5.0000,5.0000,"6,558.7500",0.1000,--,9:00:00,15:00:00,--,--,GFEX,
112,2023-10-18,SIZL.GFE,SIZL2,5.0000,5.0000,"6,633.0000",0.1000,--,9:00:00,15:00:00,--,--,GFEX,
113,2023-10-17,SIZL.GFE,SIZL2,5.0000,5.0000,"6,549.7500",0.1000,--,9:00:00,15:00:00,--,--,GFEX,
114,2023-10-16,SIZL.GFE,SIZL2,5.0000,5.0000,"6,565.5000",0.1000,--,9:00:00,15:00:00,--,--,GFEX,
115,2023-10-13,SIZL.GFE,SIZL2,5.0000,5.0000,"6,617.2500",0.1000,--,9:00:00,15:00:00,--,--,GFEX,
116,2023-10-12,SIZL.GFE,SIZL2,5.0000,5.0000,"6,394.5000",0.1000,--,9:00:00,15:00:00,--,--,GFEX,
117,2023-10-11,SIZL.GFE,SIZL2,5.0000,5.0000,"6,385.5000",0.1000,--,9:00:00,15:00:00,--,--,GFEX,
118,2023-10-10,SIZL.GFE,SIZL2,5.0000,5.0000,"6,399.0000",0.1000,--,9:00:00,15:00:00,--,--,GFEX,
119,2023-10-09,SIZL.GFE,SIZL2,5.0000,5.0000,"6,313.5000",0.1000,--,9:00:00,15:00:00,--,--,GFEX,
120,2023-09-28,SIZL.GFE,SIZL2,5.0000,5.0000,"7,716.5000",0.1000,--,9:00:00,15:00:00,--,--,GFEX,
121,2023-09-27,SIZL.GFE,SIZL2,5.0000,5.0000,"7,854.0000",0.1000,--,9:00:00,15:00:00,--,--,GFEX,
122,2023-09-26,SIZL.GFE,SIZL2,5.0000,5.0000,"6,531.7500",0.1000,--,9:00:00,15:00:00,--,--,GFEX,
123,2023-09-25,SIZL.GFE,SIZL2,5.0000,5.0000,"6,556.5000",0.1000,--,9:00:00,15:00:00,--,--,GFEX,
124,2023-09-22,SIZL.GFE,SIZL2,5.0000,5.0000,"6,518.2500",0.1000,--,9:00:00,15:00:00,--,--,GFEX,
125,2023-09-21,SIZL.GFE,SIZL2,5.0000,5.0000,"6,610.5000",0.1000,--,9:00:00,15:00:00,--,--,GFEX,
126,2023-09-20,SIZL.GFE,SIZL2,5.0000,5.0000,"6,653.2500",0.1000,--,9:00:00,15:00:00,--,--,GFEX,
127,2023-09-19,SIZL.GFE,SIZL2,5.0000,5.0000,"6,678.0000",0.1000,--,9:00:00,15:00:00,--,--,GFEX,
128,2023-09-18,SIZL.GFE,SIZL2,5.0000,5.0000,"6,700.5000",0.1000,--,9:00:00,15:00:00,--,--,GFEX,
129,2023-09-15,SIZL.GFE,SIZL2,5.0000,5.0000,"6,639.7500",0.1000,--,9:00:00,15:00:00,--,--,GFEX,
130,2023-09-14,SIZL.GFE,SIZL2,5.0000,5.0000,"6,549.7500",0.1000,--,9:00:00,15:00:00,--,--,GFEX,
131,2023-09-13,SIZL.GFE,SIZL2,5.0000,5.0000,"6,468.7500",0.1000,--,9:00:00,15:00:00,--,--,GFEX,
132,2023-09-12,SIZL.GFE,SIZL2,5.0000,5.0000,"6,500.2500",0.1000,--,9:00:00,15:00:00,--,--,GFEX,
133,2023-09-11,SIZL.GFE,SIZL2,5.0000,5.0000,"6,484.5000",0.1000,--,9:00:00,15:00:00,--,--,GFEX,
134,2023-09-08,SIZL.GFE,SIZL2,5.0000,5.0000,"6,383.2500",0.1000,--,9:00:00,15:00:00,--,--,GFEX,
135,2023-09-07,SIZL.GFE,SIZL2,5.0000,5.0000,"6,376.5000",0.1000,--,9:00:00,15:00:00,--,--,GFEX,
136,2023-09-06,SIZL.GFE,SIZL2,5.0000,5.0000,"6,331.5000",0.1000,--,9:00:00,15:00:00,--,--,GFEX,
137,2023-09-05,SIZL.GFE,SIZL2,5.0000,5.0000,"6,282.0000",0.1000,--,9:00:00,15:00:00,--,--,GFEX,
138,2023-09-04,SIZL.GFE,SIZL2,5.0000,5.0000,"6,342.7500",0.1000,--,9:00:00,15:00:00,--,--,GFEX,
139,2023-09-01,SIZL.GFE,SIZL2,5.0000,5.0000,"6,185.2500",0.1000,--,9:00:00,15:00:00,--,--,GFEX,
140,2023-08-31,SIZL.GFE,SIZL2,5.0000,5.0000,"6,097.5000",0.1000,--,9:00:00,15:00:00,--,--,GFEX,
141,2023-08-30,SIZL.GFE,SIZL2,5.0000,5.0000,"6,084.0000",0.1000,--,9:00:00,15:00:00,--,--,GFEX,
142,2023-08-29,SIZL.GFE,SIZL2,5.0000,5.0000,"6,061.5000",0.1000,--,9:00:00,15:00:00,--,--,GFEX,
143,2023-08-28,SIZL.GFE,SIZL2,5.0000,5.0000,"6,135.7500",0.1000,--,9:00:00,15:00:00,--,--,GFEX,
144,2023-08-25,SIZL.GFE,SIZL2,5.0000,5.0000,"6,194.2500",0.1000,--,9:00:00,15:00:00,--,--,GFEX,
145,2023-08-24,SIZL.GFE,SIZL2,5.0000,5.0000,"6,187.5000",0.1000,--,9:00:00,15:00:00,--,--,GFEX,
146,2023-08-23,SIZL.GFE,SIZL2,5.0000,5.0000,"6,180.7500",0.1000,--,9:00:00,15:00:00,--,--,GFEX,
147,2023-08-22,SIZL.GFE,SIZL2,5.0000,5.0000,"6,156.0000",0.1000,--,9:00:00,15:00:00,--,--,GFEX,
148,2023-08-21,SIZL.GFE,SIZL2,5.0000,5.0000,"6,124.5000",0.1000,--,9:00:00,15:00:00,--,--,GFEX,
149,2023-08-18,SIZL.GFE,SIZL2,5.0000,5.0000,"6,097.5000",0.1000,--,9:00:00,15:00:00,--,--,GFEX,
150,2023-08-17,SIZL.GFE,SIZL2,5.0000,5.0000,"6,068.2500",0.1000,--,9:00:00,15:00:00,--,--,GFEX,
151,2023-08-16,SIZL.GFE,SIZL2,5.0000,5.0000,"6,061.5000",0.1000,--,9:00:00,15:00:00,--,--,GFEX,
152,2023-08-15,SIZL.GFE,SIZL2,5.0000,5.0000,"6,138.0000",0.1000,--,9:00:00,15:00:00,--,--,GFEX,
153,2023-08-14,SIZL.GFE,SIZL2,5.0000,5.0000,"6,180.7500",0.1000,--,9:00:00,15:00:00,--,--,GFEX,
154,2023-08-11,SIZL.GFE,SIZL2,5.0000,5.0000,"6,115.5000",0.1000,--,9:00:00,15:00:00,--,--,GFEX,
155,2023-08-10,SIZL.GFE,SIZL2,5.0000,5.0000,"6,129.0000",0.1000,--,9:00:00,15:00:00,--,--,GFEX,
156,2023-08-09,SIZL.GFE,SIZL2,5.0000,5.0000,"6,066.0000",0.1000,--,9:00:00,15:00:00,--,--,GFEX,
157,2023-08-08,SIZL.GFE,SIZL2,5.0000,5.0000,"5,940.0000",0.1000,--,9:00:00,15:00:00,--,--,GFEX,
158,2023-08-07,SIZL.GFE,SIZL2,5.0000,5.0000,"5,969.2500",0.1000,--,9:00:00,15:00:00,--,--,GFEX,
159,2023-08-04,SIZL.GFE,SIZL2,5.0000,5.0000,"6,009.7500",0.1000,--,9:00:00,15:00:00,--,--,GFEX,
160,2023-08-03,SIZL.GFE,SIZL2,5.0000,5.0000,"6,041.2500",0.1000,--,9:00:00,15:00:00,--,--,GFEX,
161,2023-08-02,SIZL.GFE,SIZL2,5.0000,5.0000,"6,221.2500",0.1000,--,9:00:00,15:00:00,--,--,GFEX,
162,2023-08-01,SIZL.GFE,SIZL2,5.0000,5.0000,"6,178.5000",0.1000,--,9:00:00,15:00:00,--,--,GFEX,
163,2023-07-31,SIZL.GFE,SIZL2,5.0000,5.0000,"6,205.5000",0.1000,--,9:00:00,15:00:00,--,--,GFEX,
164,2023-07-28,SIZL.GFE,SIZL2,5.0000,5.0000,"6,084.0000",0.1000,--,9:00:00,15:00:00,--,--,GFEX,
165,2023-07-27,SIZL.GFE,SIZL2,5.0000,5.0000,"6,149.2500",0.1000,--,9:00:00,15:00:00,--,--,GFEX,
166,2023-07-26,SIZL.GFE,SIZL2,5.0000,5.0000,"6,156.0000",0.1000,--,9:00:00,15:00:00,--,--,GFEX,
167,2023-07-25,SIZL.GFE,SIZL2,5.0000,5.0000,"6,104.2500",0.1000,--,9:00:00,15:00:00,--,--,GFEX,
168,2023-07-24,SIZL.GFE,SIZL2,5.0000,5.0000,"6,052.5000",0.1000,--,9:00:00,15:00:00,--,--,GFEX,
169,2023-07-21,SIZL.GFE,SIZL2,5.0000,5.0000,"6,034.5000",0.1000,--,9:00:00,15:00:00,--,--,GFEX,
170,2023-07-20,SIZL.GFE,SIZL2,5.0000,5.0000,"6,129.0000",0.1000,--,9:00:00,15:00:00,--,--,GFEX,
171,2023-07-19,SIZL.GFE,SIZL2,5.0000,5.0000,"6,070.5000",0.1000,--,9:00:00,15:00:00,--,--,GFEX,
172,2023-07-18,SIZL.GFE,SIZL2,5.0000,5.0000,"5,998.5000",0.1000,--,9:00:00,15:00:00,--,--,GFEX,
173,2023-07-17,SIZL.GFE,SIZL2,5.0000,5.0000,"6,054.7500",0.1000,--,9:00:00,15:00:00,--,--,GFEX,
174,2023-07-14,SIZL.GFE,SIZL2,5.0000,5.0000,"6,185.2500",0.1000,--,9:00:00,15:00:00,--,--,GFEX,
175,2023-07-13,SIZL.GFE,SIZL2,5.0000,5.0000,"6,259.5000",0.1000,--,9:00:00,15:00:00,--,--,GFEX,
176,2023-07-12,SIZL.GFE,SIZL2,5.0000,5.0000,"6,149.2500",0.1000,--,9:00:00,15:00:00,--,--,GFEX,
177,2023-07-11,SIZL.GFE,SIZL2,5.0000,5.0000,"6,048.0000",0.1000,--,9:00:00,15:00:00,--,--,GFEX,
178,2023-07-10,SIZL.GFE,SIZL2,5.0000,5.0000,"5,994.0000",0.1000,--,9:00:00,15:00:00,--,--,GFEX,
179,2023-07-07,SIZL.GFE,SIZL2,5.0000,5.0000,"5,964.7500",0.1000,--,9:00:00,15:00:00,--,--,GFEX,
180,2023-07-06,SIZL.GFE,SIZL2,5.0000,5.0000,"5,944.5000",0.1000,--,9:00:00,15:00:00,--,--,GFEX,
181,2023-07-05,SIZL.GFE,SIZL2,5.0000,5.0000,"5,935.5000",0.1000,--,9:00:00,15:00:00,--,--,GFEX,
182,2023-07-04,SIZL.GFE,SIZL2,5.0000,5.0000,"5,978.2500",0.1000,--,9:00:00,15:00:00,--,--,GFEX,
183,2023-07-03,SIZL.GFE,SIZL2,5.0000,5.0000,"6,016.5000",0.1000,--,9:00:00,15:00:00,--,--,GFEX,
184,2023-06-30,SIZL.GFE,SIZL2,5.0000,5.0000,"6,023.2500",0.1000,--,9:00:00,15:00:00,--,--,GFEX,
185,2023-06-29,SIZL.GFE,SIZL2,5.0000,5.0000,"6,000.7500",0.1000,--,9:00:00,15:00:00,--,--,GFEX,
186,2023-06-28,SIZL.GFE,SIZL2,5.0000,5.0000,"5,913.0000",0.1000,--,9:00:00,15:00:00,--,--,GFEX,
187,2023-06-27,SIZL.GFE,SIZL2,5.0000,5.0000,"5,910.7500",0.1000,--,9:00:00,15:00:00,--,--,GFEX,
188,2023-06-26,SIZL.GFE,SIZL2,5.0000,5.0000,"5,908.5000",0.1000,--,9:00:00,15:00:00,--,--,GFEX,
189,2023-06-21,SIZL.GFE,SIZL2,5.0000,5.0000,"6,030.0000",0.1000,--,9:00:00,15:00:00,--,--,GFEX,
190,2023-06-20,SIZL.GFE,SIZL2,5.0000,5.0000,"6,113.2500",0.1000,--,9:00:00,15:00:00,--,--,GFEX,
191,2023-06-19,SIZL.GFE,SIZL2,5.0000,5.0000,"5,892.7500",0.1000,--,9:00:00,15:00:00,--,--,GFEX,
192,2023-06-16,SIZL.GFE,SIZL2,5.0000,5.0000,"5,620.5000",0.1000,--,9:00:00,15:00:00,--,--,GFEX,
193,2023-06-15,SIZL.GFE,SIZL2,5.0000,5.0000,"5,600.2500",0.1000,--,9:00:00,15:00:00,--,--,GFEX,
194,2023-06-14,SIZL.GFE,SIZL2,5.0000,5.0000,"5,654.2500",0.1000,--,9:00:00,15:00:00,--,--,GFEX,
195,2023-06-13,SIZL.GFE,SIZL2,5.0000,5.0000,"5,631.7500",0.1000,--,9:00:00,15:00:00,--,--,GFEX,
196,2023-06-12,SIZL.GFE,SIZL2,5.0000,5.0000,"5,681.2500",0.1000,--,9:00:00,15:00:00,--,--,GFEX,
197,2023-06-09,SIZL.GFE,SIZL2,5.0000,5.0000,"5,755.5000",0.1000,--,9:00:00,15:00:00,--,--,GFEX,
198,2023-06-08,SIZL.GFE,SIZL2,5.0000,5.0000,"5,733.0000",0.1000,--,9:00:00,15:00:00,--,--,GFEX,
199,2023-06-07,SIZL.GFE,SIZL2,5.0000,5.0000,"5,771.2500",0.1000,--,9:00:00,15:00:00,--,--,GFEX,
200,2023-06-06,SIZL.GFE,SIZL2,5.0000,5.0000,"5,859.0000",0.1000,--,9:00:00,15:00:00,--,--,GFEX,
201,2023-06-05,SIZL.GFE,SIZL2,5.0000,5.0000,"5,861.2500",0.1000,--,9:00:00,15:00:00,--,--,GFEX,
202,2023-06-02,SIZL.GFE,SIZL2,5.0000,5.0000,"5,910.7500",0.1000,--,9:00:00,15:00:00,--,--,GFEX,
203,2023-06-01,SIZL.GFE,SIZL2,5.0000,5.0000,"5,827.5000",0.1000,--,9:00:00,15:00:00,--,--,GFEX,
204,2023-05-31,SIZL.GFE,SIZL2,5.0000,5.0000,"5,751.0000",0.1000,--,9:00:00,15:00:00,--,--,GFEX,
205,2023-05-30,SIZL.GFE,SIZL2,5.0000,5.0000,"5,789.2500",0.1000,--,9:00:00,15:00:00,--,--,GFEX,
206,2023-05-29,SIZL.GFE,SIZL2,5.0000,5.0000,"5,798.2500",0.1000,--,9:00:00,15:00:00,--,--,GFEX,
207,2023-05-26,SIZL.GFE,SIZL2,5.0000,5.0000,"5,710.5000",0.1000,--,9:00:00,15:00:00,--,--,GFEX,
208,2023-05-25,SIZL.GFE,SIZL2,5.0000,5.0000,"5,769.0000",0.1000,--,9:00:00,15:00:00,--,--,GFEX,
209,2023-05-24,SIZL.GFE,SIZL2,5.0000,5.0000,"5,897.2500",0.1000,--,9:00:00,15:00:00,--,--,GFEX,
210,2023-05-23,SIZL.GFE,SIZL2,5.0000,5.0000,"5,904.0000",0.1000,--,9:00:00,15:00:00,--,--,GFEX,
211,2023-05-22,SIZL.GFE,SIZL2,5.0000,5.0000,"5,834.2500",0.1000,--,9:00:00,15:00:00,--,--,GFEX,
212,2023-05-19,SIZL.GFE,SIZL2,5.0000,5.0000,"5,998.5000",0.1000,--,9:00:00,15:00:00,--,--,GFEX,
213,2023-05-18,SIZL.GFE,SIZL2,5.0000,5.0000,"6,156.0000",0.1000,--,9:00:00,15:00:00,--,--,GFEX,
214,2023-05-17,SIZL.GFE,SIZL2,5.0000,5.0000,"6,248.2500",0.1000,--,9:00:00,15:00:00,--,--,GFEX,
215,2023-05-16,SIZL.GFE,SIZL2,5.0000,5.0000,"6,338.2500",0.1000,--,9:00:00,15:00:00,--,--,GFEX,
216,2023-05-15,SIZL.GFE,SIZL2,5.0000,5.0000,"6,356.2500",0.1000,--,9:00:00,15:00:00,--,--,GFEX,
217,2023-05-12,SIZL.GFE,SIZL2,5.0000,5.0000,"6,441.7500",0.1000,--,9:00:00,15:00:00,--,--,GFEX,
218,2023-05-11,SIZL.GFE,SIZL2,5.0000,5.0000,"6,489.0000",0.1000,--,9:00:00,15:00:00,--,--,GFEX,
219,2023-05-10,SIZL.GFE,SIZL2,5.0000,5.0000,"6,639.7500",0.1000,--,9:00:00,15:00:00,--,--,GFEX,
220,2023-05-09,SIZL.GFE,SIZL2,5.0000,5.0000,"6,810.7500",0.1000,--,9:00:00,15:00:00,--,--,GFEX,
221,2023-05-08,SIZL.GFE,SIZL2,5.0000,5.0000,"6,867.0000",0.1000,--,9:00:00,15:00:00,--,--,GFEX,
222,2023-05-05,SIZL.GFE,SIZL2,5.0000,5.0000,"6,815.2500",0.1000,--,9:00:00,15:00:00,--,--,GFEX,
223,2023-05-04,SIZL.GFE,SIZL2,5.0000,5.0000,"6,844.5000",0.1000,--,9:00:00,15:00:00,--,--,GFEX,
224,2023-04-28,SIZL.GFE,SIZL2,5.0000,5.0000,"8,340.7500",0.1000,--,9:00:00,15:00:00,--,--,GFEX,
225,2023-04-27,SIZL.GFE,SIZL2,5.0000,5.0000,"8,409.5000",0.1000,--,9:00:00,15:00:00,--,--,GFEX,
226,2023-04-26,SIZL.GFE,SIZL2,5.0000,5.0000,"7,710.0000",0.1000,--,9:00:00,15:00:00,--,--,GFEX,
227,2023-04-25,SIZL.GFE,SIZL2,5.0000,5.0000,"7,642.5000",0.1000,--,9:00:00,15:00:00,--,--,GFEX,
228,2023-04-24,SIZL.GFE,SIZL2,5.0000,5.0000,"7,592.5000",0.1000,--,9:00:00,15:00:00,--,--,GFEX,
229,2023-04-21,SIZL.GFE,SIZL2,5.0000,5.0000,"7,562.5000",0.1000,--,9:00:00,15:00:00,--,--,GFEX,
230,2023-04-20,SIZL.GFE,SIZL2,5.0000,5.0000,"7,620.0000",0.1000,--,9:00:00,15:00:00,--,--,GFEX,
231,2023-04-19,SIZL.GFE,SIZL2,5.0000,5.0000,"7,767.5000",0.1000,--,9:00:00,15:00:00,--,--,GFEX,
232,2023-04-18,SIZL.GFE,SIZL2,5.0000,5.0000,"7,722.5000",0.1000,--,9:00:00,15:00:00,--,--,GFEX,
233,2023-04-17,SIZL.GFE,SIZL2,5.0000,5.0000,"7,630.0000",0.1000,--,9:00:00,15:00:00,--,--,GFEX,
234,2023-04-14,SIZL.GFE,SIZL2,5.0000,5.0000,"7,555.0000",0.1000,--,9:00:00,15:00:00,--,--,GFEX,
235,2023-04-13,SIZL.GFE,SIZL2,5.0000,5.0000,"7,555.0000",0.1000,--,9:00:00,15:00:00,--,--,GFEX,
236,2023-04-12,SIZL.GFE,SIZL2,5.0000,5.0000,"7,582.5000",0.1000,--,9:00:00,15:00:00,--,--,GFEX,
237,2023-04-11,SIZL.GFE,SIZL2,5.0000,5.0000,"7,485.0000",0.1000,--,9:00:00,15:00:00,--,--,GFEX,
238,2023-04-10,SIZL.GFE,SIZL2,5.0000,5.0000,"7,515.0000",0.1000,--,9:00:00,15:00:00,--,--,GFEX,
239,2023-04-07,SIZL.GFE,SIZL2,5.0000,5.0000,"7,615.0000",0.1000,--,9:00:00,15:00:00,--,--,GFEX,
240,2023-04-06,SIZL.GFE,SIZL2,5.0000,5.0000,"7,490.0000",0.1000,--,9:00:00,15:00:00,--,--,GFEX,
241,2023-04-04,SIZL.GFE,SIZL2,5.0000,5.0000,"7,567.5000",0.1000,--,9:00:00,15:00:00,--,--,GFEX,
242,2023-04-03,SIZL.GFE,SIZL2,5.0000,5.0000,"7,717.5000",0.1000,--,9:00:00,15:00:00,--,--,GFEX,
243,2023-03-31,SIZL.GFE,SIZL2,5.0000,5.0000,"7,850.0000",0.1000,--,9:00:00,15:00:00,--,--,GFEX,
244,2023-03-30,SIZL.GFE,SIZL2,5.0000,5.0000,"7,852.5000",0.1000,--,9:00:00,15:00:00,--,--,GFEX,
245,2023-03-29,SIZL.GFE,SIZL2,5.0000,5.0000,"7,882.5000",0.1000,--,9:00:00,15:00:00,--,--,GFEX,
246,2023-03-28,SIZL.GFE,SIZL2,5.0000,5.0000,"7,962.5000",0.1000,--,9:00:00,15:00:00,--,--,GFEX,
247,2023-03-27,SIZL.GFE,SIZL2,5.0000,5.0000,"7,975.0000",0.1000,--,9:00:00,15:00:00,--,--,GFEX,
248,2023-03-24,SIZL.GFE,SIZL2,5.0000,5.0000,"7,945.0000",0.1000,--,9:00:00,15:00:00,--,--,GFEX,
249,2023-03-23,SIZL.GFE,SIZL2,5.0000,5.0000,"7,975.0000",0.1000,--,9:00:00,15:00:00,--,--,GFEX,
250,2023-03-22,SIZL.GFE,SIZL2,5.0000,5.0000,"7,932.5000",0.1000,--,9:00:00,15:00:00,--,--,GFEX,
251,2023-03-21,SIZL.GFE,SIZL2,5.0000,5.0000,"7,985.0000",0.1000,--,9:00:00,15:00:00,--,--,GFEX,
252,2023-03-20,SIZL.GFE,SIZL2,5.0000,5.0000,"8,092.5000",0.1000,--,9:00:00,15:00:00,--,--,GFEX,
253,2023-03-17,SIZL.GFE,SIZL2,5.0000,5.0000,"8,087.5000",0.1000,--,9:00:00,15:00:00,--,--,GFEX,
254,2023-03-16,SIZL.GFE,SIZL2,5.0000,5.0000,"8,165.0000",0.1000,--,9:00:00,15:00:00,--,--,GFEX,
255,2023-03-15,SIZL.GFE,SIZL2,5.0000,5.0000,"8,437.5000",0.1000,--,9:00:00,15:00:00,--,--,GFEX,
256,2023-03-14,SIZL.GFE,SIZL2,5.0000,5.0000,"8,475.0000",0.1000,--,9:00:00,15:00:00,--,--,GFEX,
257,2023-03-13,SIZL.GFE,SIZL2,5.0000,5.0000,"8,465.0000",0.1000,--,9:00:00,15:00:00,--,--,GFEX,
258,2023-03-10,SIZL.GFE,SIZL2,5.0000,5.0000,"8,495.0000",0.1000,--,9:00:00,15:00:00,--,--,GFEX,
259,2023-03-09,SIZL.GFE,SIZL2,5.0000,5.0000,"8,545.0000",0.1000,--,9:00:00,15:00:00,--,--,GFEX,
260,2023-03-08,SIZL.GFE,SIZL2,5.0000,5.0000,"8,557.5000",0.1000,--,9:00:00,15:00:00,--,--,GFEX,
261,2023-03-07,SIZL.GFE,SIZL2,5.0000,5.0000,"8,655.0000",0.1000,--,9:00:00,15:00:00,--,--,GFEX,
262,2023-03-06,SIZL.GFE,SIZL2,5.0000,5.0000,"8,715.0000",0.1000,--,9:00:00,15:00:00,--,--,GFEX,
263,2023-03-03,SIZL.GFE,SIZL2,5.0000,5.0000,"8,760.0000",0.1000,--,9:00:00,15:00:00,--,--,GFEX,
264,2023-03-02,SIZL.GFE,SIZL2,5.0000,5.0000,"8,770.0000",0.1000,--,9:00:00,15:00:00,--,--,GFEX,
265,2023-03-01,SIZL.GFE,SIZL2,5.0000,5.0000,"8,770.0000",0.1000,--,9:00:00,15:00:00,--,--,GFEX,
266,2023-02-28,SIZL.GFE,SIZL2,5.0000,5.0000,"8,747.5000",0.1000,--,9:00:00,15:00:00,--,--,GFEX,
267,2023-02-27,SIZL.GFE,SIZL2,5.0000,5.0000,"8,800.0000",0.1000,--,9:00:00,15:00:00,--,--,GFEX,
268,2023-02-24,SIZL.GFE,SIZL2,5.0000,5.0000,"8,802.5000",0.1000,--,9:00:00,15:00:00,--,--,GFEX,
269,2023-02-23,SIZL.GFE,SIZL2,5.0000,5.0000,"8,817.5000",0.1000,--,9:00:00,15:00:00,--,--,GFEX,
270,2023-02-22,SIZL.GFE,SIZL2,5.0000,5.0000,"8,822.5000",0.1000,--,9:00:00,15:00:00,--,--,GFEX,
271,2023-02-21,SIZL.GFE,SIZL2,5.0000,5.0000,"8,815.0000",0.1000,--,9:00:00,15:00:00,--,--,GFEX,
272,2023-02-20,SIZL.GFE,SIZL2,5.0000,5.0000,"8,690.0000",0.1000,--,9:00:00,15:00:00,--,--,GFEX,
273,2023-02-17,SIZL.GFE,SIZL2,5.0000,5.0000,"8,805.0000",0.1000,--,9:00:00,15:00:00,--,--,GFEX,
274,2023-02-16,SIZL.GFE,SIZL2,5.0000,5.0000,"8,902.5000",0.1000,--,9:00:00,15:00:00,--,--,GFEX,
275,2023-02-15,SIZL.GFE,SIZL2,5.0000,5.0000,"8,980.0000",0.1000,--,9:00:00,15:00:00,--,--,GFEX,
276,2023-02-14,SIZL.GFE,SIZL2,5.0000,5.0000,"8,987.5000",0.1000,--,9:00:00,15:00:00,--,--,GFEX,
277,2023-02-13,SIZL.GFE,SIZL2,5.0000,5.0000,"8,987.5000",0.1000,--,9:00:00,15:00:00,--,--,GFEX,
278,2023-02-10,SIZL.GFE,SIZL2,5.0000,5.0000,"8,970.0000",0.1000,--,9:00:00,15:00:00,--,--,GFEX,
279,2023-02-09,SIZL.GFE,SIZL2,5.0000,5.0000,"8,992.5000",0.1000,--,9:00:00,15:00:00,--,--,GFEX,
280,2023-02-08,SIZL.GFE,SIZL2,5.0000,5.0000,"8,902.5000",0.1000,--,9:00:00,15:00:00,--,--,GFEX,
281,2023-02-07,SIZL.GFE,SIZL2,5.0000,5.0000,"8,872.5000",0.1000,--,9:00:00,15:00:00,--,--,GFEX,
282,2023-02-06,SIZL.GFE,SIZL2,5.0000,5.0000,"8,855.0000",0.1000,--,9:00:00,15:00:00,--,--,GFEX,
283,2023-02-03,SIZL.GFE,SIZL2,5.0000,5.0000,"8,840.0000",0.1000,--,9:00:00,15:00:00,--,--,GFEX,
284,2023-02-02,SIZL.GFE,SIZL2,5.0000,5.0000,"8,927.5000",0.1000,--,9:00:00,15:00:00,--,--,GFEX,
285,2023-02-01,SIZL.GFE,SIZL2,5.0000,5.0000,"8,920.0000",0.1000,--,9:00:00,15:00:00,--,--,GFEX,
286,2023-01-31,SIZL.GFE,SIZL2,5.0000,5.0000,"9,037.5000",0.1000,--,9:00:00,15:00:00,--,--,GFEX,
287,2023-01-30,SIZL.GFE,SIZL2,5.0000,5.0000,"9,145.0000",0.1000,--,9:00:00,15:00:00,--,--,GFEX,
288,2023-01-20,SIZL.GFE,SIZL2,5.0000,5.0000,"10,098.0000",0.1000,--,9:00:00,15:00:00,--,--,GFEX,
289,2023-01-19,SIZL.GFE,SIZL2,5.0000,5.0000,"9,836.7500",0.1000,--,9:00:00,15:00:00,--,--,GFEX,
290,2023-01-18,SIZL.GFE,SIZL2,5.0000,5.0000,"8,860.0000",0.1000,--,9:00:00,15:00:00,--,--,GFEX,
291,2023-01-17,SIZL.GFE,SIZL2,5.0000,5.0000,"8,817.5000",0.1000,--,9:00:00,15:00:00,--,--,GFEX,
292,2023-01-16,SIZL.GFE,SIZL2,5.0000,5.0000,"8,765.0000",0.1000,--,9:00:00,15:00:00,--,--,GFEX,
293,2023-01-13,SIZL.GFE,SIZL2,5.0000,5.0000,"8,777.5000",0.1000,--,9:00:00,15:00:00,--,--,GFEX,
294,2023-01-12,SIZL.GFE,SIZL2,5.0000,5.0000,"8,762.5000",0.1000,--,9:00:00,15:00:00,--,--,GFEX,
295,2023-01-11,SIZL.GFE,SIZL2,5.0000,5.0000,"8,717.5000",0.1000,--,9:00:00,15:00:00,--,--,GFEX,
296,2023-01-10,SIZL.GFE,SIZL2,5.0000,5.0000,"8,845.0000",0.1000,--,9:00:00,15:00:00,--,--,GFEX,
297,2023-01-09,SIZL.GFE,SIZL2,5.0000,5.0000,"8,892.5000",0.1000,--,9:00:00,15:00:00,--,--,GFEX,
298,2023-01-06,SIZL.GFE,SIZL2,5.0000,5.0000,"8,837.5000",0.1000,--,9:00:00,15:00:00,--,--,GFEX,
299,2023-01-05,SIZL.GFE,SIZL2,5.0000,5.0000,"8,820.0000",0.1000,--,9:00:00,15:00:00,--,--,GFEX,
300,2023-01-04,SIZL.GFE,SIZL2,5.0000,5.0000,"8,925.0000",0.1000,--,9:00:00,15:00:00,--,--,GFEX,
301,2023-01-03,SIZL.GFE,SIZL2,5.0000,5.0000,"8,907.5000",0.1000,--,9:00:00,15:00:00,--,--,GFEX,
302,2022-12-30,SIZL.GFE,SIZL2,5.0000,5.0000,"9,035.0000",0.1000,--,9:00:00,15:00:00,--,--,GFEX,
303,2022-12-29,SIZL.GFE,SIZL2,5.0000,5.0000,"8,747.5000",0.1000,--,9:00:00,15:00:00,--,--,GFEX,
304,2022-12-28,SIZL.GFE,SIZL2,5.0000,5.0000,"8,682.5000",0.1000,--,9:00:00,15:00:00,--,--,GFEX,
305,2022-12-27,SIZL.GFE,SIZL2,5.0000,5.0000,"8,642.5000",0.1000,--,9:00:00,15:00:00,--,--,GFEX,
306,2022-12-26,SIZL.GFE,SIZL2,5.0000,5.0000,"8,592.5000",0.1000,--,9:00:00,15:00:00,--,--,GFEX,
307,2022-12-23,SIZL.GFE,SIZL2,5.0000,5.0000,"11,326.2500",0.1000,--,9:00:00,15:00:00,--,--,GFEX,
308,2022-12-22,SIZL.GFE,SIZL2,5.0000,5.0000,"9,270.0000",0.1000,--,9:00:00,15:00:00,--,--,GFEX,
309,2024-04-01,LCZL.GFE,LCZL2,50.0000,1.0000,"13,170.0000",0.1600,--,9:00:00,15:00:00,--,--,GFEX,
310,2024-03-29,LCZL.GFE,LCZL2,50.0000,1.0000,"12,948.0000",0.1600,--,9:00:00,15:00:00,--,--,GFEX,
311,2024-03-28,LCZL.GFE,LCZL2,50.0000,1.0000,"13,002.0000",0.1600,--,9:00:00,15:00:00,--,--,GFEX,
312,2024-03-27,LCZL.GFE,LCZL2,50.0000,1.0000,"12,906.0000",0.1600,--,9:00:00,15:00:00,--,--,GFEX,
313,2024-03-26,LCZL.GFE,LCZL2,50.0000,1.0000,"12,942.0000",0.1600,--,9:00:00,15:00:00,--,--,GFEX,
314,2024-03-25,LCZL.GFE,LCZL2,50.0000,1.0000,"13,344.0000",0.1600,--,9:00:00,15:00:00,--,--,GFEX,
315,2024-03-22,LCZL.GFE,LCZL2,50.0000,1.0000,"13,800.0000",0.1600,--,9:00:00,15:00:00,--,--,GFEX,
316,2024-03-21,LCZL.GFE,LCZL2,50.0000,1.0000,"14,100.0000",0.1600,--,9:00:00,15:00:00,--,--,GFEX,
317,2024-03-20,LCZL.GFE,LCZL2,50.0000,1.0000,"13,896.0000",0.1600,--,9:00:00,15:00:00,--,--,GFEX,
318,2024-03-19,LCZL.GFE,LCZL2,50.0000,1.0000,"13,926.0000",0.1600,--,9:00:00,15:00:00,--,--,GFEX,
319,2024-03-18,LCZL.GFE,LCZL2,50.0000,1.0000,"14,052.0000",0.1600,--,9:00:00,15:00:00,--,--,GFEX,
320,2024-03-15,LCZL.GFE,LCZL2,50.0000,1.0000,"13,620.0000",0.1600,--,9:00:00,15:00:00,--,--,GFEX,
321,2024-03-14,LCZL.GFE,LCZL2,50.0000,1.0000,"13,896.0000",0.1600,--,9:00:00,15:00:00,--,--,GFEX,
322,2024-03-13,LCZL.GFE,LCZL2,50.0000,1.0000,"14,466.0000",0.1600,--,9:00:00,15:00:00,--,--,GFEX,
323,2024-03-12,LCZL.GFE,LCZL2,50.0000,1.0000,"14,202.0000",0.1600,--,9:00:00,15:00:00,--,--,GFEX,
324,2024-03-11,LCZL.GFE,LCZL2,50.0000,1.0000,"13,812.0000",0.1600,--,9:00:00,15:00:00,--,--,GFEX,
325,2024-03-08,LCZL.GFE,LCZL2,50.0000,1.0000,"13,524.0000",0.1600,--,9:00:00,15:00:00,--,--,GFEX,
326,2024-03-07,LCZL.GFE,LCZL2,50.0000,1.0000,"13,698.0000",0.1600,--,9:00:00,15:00:00,--,--,GFEX,
327,2024-03-06,LCZL.GFE,LCZL2,50.0000,1.0000,"13,524.0000",0.1600,--,9:00:00,15:00:00,--,--,GFEX,
328,2024-03-05,LCZL.GFE,LCZL2,50.0000,1.0000,"13,842.0000",0.1600,--,9:00:00,15:00:00,--,--,GFEX,
329,2024-03-04,LCZL.GFE,LCZL2,50.0000,1.0000,"14,418.0000",0.1600,--,9:00:00,15:00:00,--,--,GFEX,
330,2024-03-01,LCZL.GFE,LCZL2,50.0000,1.0000,"14,244.0000",0.1600,--,9:00:00,15:00:00,--,--,GFEX,
331,2024-02-29,LCZL.GFE,LCZL2,50.0000,1.0000,"13,812.0000",0.1600,--,9:00:00,15:00:00,--,--,GFEX,
332,2024-02-28,LCZL.GFE,LCZL2,50.0000,1.0000,"13,098.0000",0.1600,--,9:00:00,15:00:00,--,--,GFEX,
333,2024-02-27,LCZL.GFE,LCZL2,50.0000,1.0000,"12,528.0000",0.1600,--,9:00:00,15:00:00,--,--,GFEX,
334,2024-02-26,LCZL.GFE,LCZL2,50.0000,1.0000,"12,378.0000",0.1600,--,9:00:00,15:00:00,--,--,GFEX,
335,2024-02-23,LCZL.GFE,LCZL2,50.0000,1.0000,"12,042.0000",0.1600,--,9:00:00,15:00:00,--,--,GFEX,
336,2024-02-22,LCZL.GFE,LCZL2,50.0000,1.0000,"11,712.0000",0.1600,--,9:00:00,15:00:00,--,--,GFEX,
337,2024-02-21,LCZL.GFE,LCZL2,50.0000,1.0000,"11,706.0000",0.1600,--,9:00:00,15:00:00,--,--,GFEX,
338,2024-02-20,LCZL.GFE,LCZL2,50.0000,1.0000,"11,238.0000",0.1600,--,9:00:00,15:00:00,--,--,GFEX,
339,2024-02-19,LCZL.GFE,LCZL2,50.0000,1.0000,"11,526.0000",0.1600,--,9:00:00,15:00:00,--,--,GFEX,
340,2024-02-08,LCZL.GFE,LCZL2,50.0000,1.0000,"15,544.0000",0.3200,--,9:00:00,15:00:00,--,--,GFEX,
341,2024-02-07,LCZL.GFE,LCZL2,50.0000,1.0000,"15,640.0000",0.3200,--,9:00:00,15:00:00,--,--,GFEX,
342,2024-02-06,LCZL.GFE,LCZL2,50.0000,1.0000,"13,755.0000",0.3200,--,9:00:00,15:00:00,--,--,GFEX,
343,2024-02-05,LCZL.GFE,LCZL2,50.0000,1.0000,"14,077.0000",0.3200,--,9:00:00,15:00:00,--,--,GFEX,
344,2024-02-02,LCZL.GFE,LCZL2,50.0000,1.0000,"14,056.0000",0.3200,--,9:00:00,15:00:00,--,--,GFEX,
345,2024-02-01,LCZL.GFE,LCZL2,50.0000,1.0000,"13,902.0000",0.3200,--,9:00:00,15:00:00,--,--,GFEX,
346,2024-01-31,LCZL.GFE,LCZL2,50.0000,1.0000,"14,000.0000",0.3200,--,9:00:00,15:00:00,--,--,GFEX,
347,2024-01-30,LCZL.GFE,LCZL2,50.0000,1.0000,"14,217.0000",0.3200,--,9:00:00,15:00:00,--,--,GFEX,
348,2024-01-29,LCZL.GFE,LCZL2,50.0000,1.0000,"14,217.0000",0.3200,--,9:00:00,15:00:00,--,--,GFEX,
349,2024-01-26,LCZL.GFE,LCZL2,50.0000,1.0000,"14,217.0000",0.3200,--,9:00:00,15:00:00,--,--,GFEX,
350,2024-01-25,LCZL.GFE,LCZL2,50.0000,1.0000,"14,224.0000",0.3200,--,9:00:00,15:00:00,--,--,GFEX,
351,2024-01-24,LCZL.GFE,LCZL2,50.0000,1.0000,"14,329.0000",0.3200,--,9:00:00,15:00:00,--,--,GFEX,
352,2024-01-23,LCZL.GFE,LCZL2,50.0000,1.0000,"14,196.0000",0.3200,--,9:00:00,15:00:00,--,--,GFEX,
353,2024-01-22,LCZL.GFE,LCZL2,50.0000,1.0000,"14,049.0000",0.3200,--,9:00:00,15:00:00,--,--,GFEX,
354,2024-01-19,LCZL.GFE,LCZL2,50.0000,1.0000,"14,287.0000",0.3200,--,9:00:00,15:00:00,--,--,GFEX,
355,2024-01-18,LCZL.GFE,LCZL2,50.0000,1.0000,"14,259.0000",0.3200,--,9:00:00,15:00:00,--,--,GFEX,
356,2024-01-17,LCZL.GFE,LCZL2,50.0000,1.0000,"14,504.0000",0.3200,--,9:00:00,15:00:00,--,--,GFEX,
357,2024-01-16,LCZL.GFE,LCZL2,50.0000,1.0000,"14,476.0000",0.3200,--,9:00:00,15:00:00,--,--,GFEX,
358,2024-01-15,LCZL.GFE,LCZL2,50.0000,1.0000,"14,273.0000",0.3200,--,9:00:00,15:00:00,--,--,GFEX,
359,2024-01-12,LCZL.GFE,LCZL2,50.0000,1.0000,"14,511.0000",0.3200,--,9:00:00,15:00:00,--,--,GFEX,
360,2024-01-11,LCZL.GFE,LCZL2,50.0000,1.0000,"14,259.0000",0.3200,--,9:00:00,15:00:00,--,--,GFEX,
361,2024-01-10,LCZL.GFE,LCZL2,50.0000,1.0000,"13,776.0000",0.3200,--,9:00:00,15:00:00,--,--,GFEX,
362,2024-01-09,LCZL.GFE,LCZL2,50.0000,1.0000,"13,748.0000",0.3200,--,9:00:00,15:00:00,--,--,GFEX,
363,2024-01-08,LCZL.GFE,LCZL2,50.0000,1.0000,"13,776.0000",0.3200,--,9:00:00,15:00:00,--,--,GFEX,
364,2024-01-05,LCZL.GFE,LCZL2,50.0000,1.0000,"13,825.0000",0.3200,--,9:00:00,15:00:00,--,--,GFEX,
365,2024-01-04,LCZL.GFE,LCZL2,50.0000,1.0000,"14,539.0000",0.3200,--,9:00:00,15:00:00,--,--,GFEX,
366,2024-01-03,LCZL.GFE,LCZL2,50.0000,1.0000,"15,071.0000",0.3200,--,9:00:00,15:00:00,--,--,GFEX,
367,2024-01-02,LCZL.GFE,LCZL2,50.0000,1.0000,"15,148.0000",0.3200,--,9:00:00,15:00:00,--,--,GFEX,
368,2023-12-29,LCZL.GFE,LCZL2,50.0000,1.0000,"17,064.0000",0.3200,--,9:00:00,15:00:00,--,--,GFEX,
369,2023-12-28,LCZL.GFE,LCZL2,50.0000,1.0000,"16,992.0000",0.3200,--,9:00:00,15:00:00,--,--,GFEX,
370,2023-12-27,LCZL.GFE,LCZL2,50.0000,1.0000,"14,854.0000",0.3200,--,9:00:00,15:00:00,--,--,GFEX,
371,2023-12-26,LCZL.GFE,LCZL2,50.0000,1.0000,"14,861.0000",0.3200,--,9:00:00,15:00:00,--,--,GFEX,
372,2023-12-25,LCZL.GFE,LCZL2,50.0000,1.0000,"14,315.0000",0.3200,--,9:00:00,15:00:00,--,--,GFEX,
373,2023-12-22,LCZL.GFE,LCZL2,50.0000,1.0000,"14,091.0000",0.3200,--,9:00:00,15:00:00,--,--,GFEX,
374,2023-12-21,LCZL.GFE,LCZL2,50.0000,1.0000,"13,699.0000",0.3200,--,9:00:00,15:00:00,--,--,GFEX,
375,2023-12-20,LCZL.GFE,LCZL2,50.0000,1.0000,"14,266.0000",0.3200,--,9:00:00,15:00:00,--,--,GFEX,
376,2023-12-19,LCZL.GFE,LCZL2,50.0000,1.0000,"14,322.0000",0.1600,--,9:00:00,15:00:00,--,--,GFEX,
377,2023-12-18,LCZL.GFE,LCZL2,50.0000,1.0000,"14,595.0000",0.1600,--,9:00:00,15:00:00,--,--,GFEX,
378,2023-12-15,LCZL.GFE,LCZL2,50.0000,1.0000,"14,721.0000",0.1600,--,9:00:00,15:00:00,--,--,GFEX,
379,2023-12-14,LCZL.GFE,LCZL2,50.0000,1.0000,"14,119.0000",0.1600,--,9:00:00,15:00:00,--,--,GFEX,
380,2023-12-13,LCZL.GFE,LCZL2,50.0000,1.0000,"11,334.0000",0.1600,--,9:00:00,15:00:00,--,--,GFEX,
381,2023-12-12,LCZL.GFE,LCZL2,50.0000,1.0000,"11,298.0000",0.1600,--,9:00:00,15:00:00,--,--,GFEX,
382,2023-12-11,LCZL.GFE,LCZL2,50.0000,1.0000,"12,222.0000",0.1600,--,9:00:00,15:00:00,--,--,GFEX,
383,2023-12-08,LCZL.GFE,LCZL2,50.0000,1.0000,"14,238.0000",0.0800,--,9:00:00,15:00:00,--,--,GFEX,
384,2023-12-07,LCZL.GFE,LCZL2,50.0000,1.0000,"11,250.0000",0.3200,--,9:00:00,15:00:00,--,--,GFEX,
385,2023-12-06,LCZL.GFE,LCZL2,50.0000,1.0000,"10,722.0000",0.3200,--,9:00:00,15:00:00,--,--,GFEX,
386,2023-12-05,LCZL.GFE,LCZL2,50.0000,1.0000,"11,352.0000",0.0800,--,9:00:00,15:00:00,--,--,GFEX,
387,2023-12-04,LCZL.GFE,LCZL2,50.0000,1.0000,"9,004.5000",0.0800,--,9:00:00,15:00:00,--,--,GFEX,
388,2023-12-01,LCZL.GFE,LCZL2,50.0000,1.0000,"9,319.5000",0.0800,--,9:00:00,15:00:00,--,--,GFEX,
389,2023-11-30,LCZL.GFE,LCZL2,50.0000,1.0000,"9,819.0000",0.0800,--,9:00:00,15:00:00,--,--,GFEX,
390,2023-11-29,LCZL.GFE,LCZL2,50.0000,1.0000,"10,147.5000",0.0800,--,9:00:00,15:00:00,--,--,GFEX,
391,2023-11-28,LCZL.GFE,LCZL2,50.0000,1.0000,"10,282.5000",0.0800,--,9:00:00,15:00:00,--,--,GFEX,
392,2023-11-27,LCZL.GFE,LCZL2,50.0000,1.0000,"14,286.0000",0.0800,--,9:00:00,15:00:00,--,--,GFEX,
393,2023-11-24,LCZL.GFE,LCZL2,50.0000,1.0000,"11,286.0000",0.0800,--,9:00:00,15:00:00,--,--,GFEX,
394,2023-11-23,LCZL.GFE,LCZL2,50.0000,1.0000,"11,061.0000",0.0800,--,9:00:00,15:00:00,--,--,GFEX,
395,2023-11-22,LCZL.GFE,LCZL2,50.0000,1.0000,"11,484.0000",0.0800,--,9:00:00,15:00:00,--,--,GFEX,
396,2023-11-21,LCZL.GFE,LCZL2,50.0000,1.0000,"12,064.5000",0.0800,--,9:00:00,15:00:00,--,--,GFEX,
397,2023-11-20,LCZL.GFE,LCZL2,50.0000,1.0000,"12,474.0000",0.0800,--,9:00:00,15:00:00,--,--,GFEX,
398,2023-11-17,LCZL.GFE,LCZL2,50.0000,1.0000,"12,492.0000",0.0800,--,9:00:00,15:00:00,--,--,GFEX,
399,2023-11-16,LCZL.GFE,LCZL2,50.0000,1.0000,"12,730.5000",0.0800,--,9:00:00,15:00:00,--,--,GFEX,
400,2023-11-15,LCZL.GFE,LCZL2,50.0000,1.0000,"12,852.0000",0.0800,--,9:00:00,15:00:00,--,--,GFEX,
401,2023-11-14,LCZL.GFE,LCZL2,50.0000,1.0000,"12,852.0000",0.0800,--,9:00:00,15:00:00,--,--,GFEX,
402,2023-11-13,LCZL.GFE,LCZL2,50.0000,1.0000,"13,248.0000",0.0800,--,9:00:00,15:00:00,--,--,GFEX,
403,2023-11-10,LCZL.GFE,LCZL2,50.0000,1.0000,"13,275.0000",0.0800,--,9:00:00,15:00:00,--,--,GFEX,
404,2023-11-09,LCZL.GFE,LCZL2,50.0000,1.0000,"13,014.0000",0.0800,--,9:00:00,15:00:00,--,--,GFEX,
405,2023-11-08,LCZL.GFE,LCZL2,50.0000,1.0000,"12,879.0000",0.0800,--,9:00:00,15:00:00,--,--,GFEX,
406,2023-11-07,LCZL.GFE,LCZL2,50.0000,1.0000,"12,942.0000",0.0800,--,9:00:00,15:00:00,--,--,GFEX,
407,2023-11-06,LCZL.GFE,LCZL2,50.0000,1.0000,"13,410.0000",0.0800,--,9:00:00,15:00:00,--,--,GFEX,
408,2023-11-03,LCZL.GFE,LCZL2,50.0000,1.0000,"13,743.0000",0.0800,--,9:00:00,15:00:00,--,--,GFEX,
409,2023-11-02,LCZL.GFE,LCZL2,50.0000,1.0000,"13,842.0000",0.0800,--,9:00:00,15:00:00,--,--,GFEX,
410,2023-11-01,LCZL.GFE,LCZL2,50.0000,1.0000,"13,914.0000",0.0800,--,9:00:00,15:00:00,--,--,GFEX,
411,2023-10-31,LCZL.GFE,LCZL2,50.0000,1.0000,"13,936.5000",0.0800,--,9:00:00,15:00:00,--,--,GFEX,
412,2023-10-30,LCZL.GFE,LCZL2,50.0000,1.0000,"13,900.5000",0.0800,--,9:00:00,15:00:00,--,--,GFEX,
413,2023-10-27,LCZL.GFE,LCZL2,50.0000,1.0000,"13,689.0000",0.0800,--,9:00:00,15:00:00,--,--,GFEX,
414,2023-10-26,LCZL.GFE,LCZL2,50.0000,1.0000,"13,522.5000",0.0800,--,9:00:00,15:00:00,--,--,GFEX,
415,2023-10-25,LCZL.GFE,LCZL2,50.0000,1.0000,"13,833.0000",0.0800,--,9:00:00,15:00:00,--,--,GFEX,
416,2023-10-24,LCZL.GFE,LCZL2,50.0000,1.0000,"13,774.5000",0.0800,--,9:00:00,15:00:00,--,--,GFEX,
417,2023-10-23,LCZL.GFE,LCZL2,50.0000,1.0000,"13,531.5000",0.0800,--,9:00:00,15:00:00,--,--,GFEX,
418,2023-10-20,LCZL.GFE,LCZL2,50.0000,1.0000,"14,071.5000",0.0800,--,9:00:00,15:00:00,--,--,GFEX,
419,2023-10-19,LCZL.GFE,LCZL2,50.0000,1.0000,"14,679.0000",0.0800,--,9:00:00,15:00:00,--,--,GFEX,
420,2023-10-18,LCZL.GFE,LCZL2,50.0000,1.0000,"15,129.0000",0.0800,--,9:00:00,15:00:00,--,--,GFEX,
421,2023-10-17,LCZL.GFE,LCZL2,50.0000,1.0000,"15,165.0000",0.0800,--,9:00:00,15:00:00,--,--,GFEX,
422,2023-10-16,LCZL.GFE,LCZL2,50.0000,1.0000,"15,241.5000",0.0800,--,9:00:00,15:00:00,--,--,GFEX,
423,2023-10-13,LCZL.GFE,LCZL2,50.0000,1.0000,"15,174.0000",0.0800,--,9:00:00,15:00:00,--,--,GFEX,
424,2023-10-12,LCZL.GFE,LCZL2,50.0000,1.0000,"19,332.0000",0.0800,--,9:00:00,15:00:00,--,--,GFEX,
425,2023-10-11,LCZL.GFE,LCZL2,50.0000,1.0000,"13,878.0000",0.0800,--,9:00:00,15:00:00,--,--,GFEX,
426,2023-10-10,LCZL.GFE,LCZL2,50.0000,1.0000,"13,770.0000",0.0800,--,9:00:00,15:00:00,--,--,GFEX,
427,2023-10-09,LCZL.GFE,LCZL2,50.0000,1.0000,"13,549.5000",0.0800,--,9:00:00,15:00:00,--,--,GFEX,
428,2023-09-28,LCZL.GFE,LCZL2,50.0000,1.0000,"16,467.0000",0.0800,--,9:00:00,15:00:00,--,--,GFEX,
429,2023-09-27,LCZL.GFE,LCZL2,50.0000,1.0000,"16,318.5000",0.0800,--,9:00:00,15:00:00,--,--,GFEX,
430,2023-09-26,LCZL.GFE,LCZL2,50.0000,1.0000,"13,770.0000",0.0800,--,9:00:00,15:00:00,--,--,GFEX,
431,2023-09-25,LCZL.GFE,LCZL2,50.0000,1.0000,"14,256.0000",0.0800,--,9:00:00,15:00:00,--,--,GFEX,
432,2023-09-22,LCZL.GFE,LCZL2,50.0000,1.0000,"14,242.5000",0.0800,--,9:00:00,15:00:00,--,--,GFEX,
433,2023-09-21,LCZL.GFE,LCZL2,50.0000,1.0000,"14,134.5000",0.0800,--,9:00:00,15:00:00,--,--,GFEX,
434,2023-09-20,LCZL.GFE,LCZL2,50.0000,1.0000,"14,040.0000",0.0800,--,9:00:00,15:00:00,--,--,GFEX,
435,2023-09-19,LCZL.GFE,LCZL2,50.0000,1.0000,"14,679.0000",0.0800,--,9:00:00,15:00:00,--,--,GFEX,
436,2023-09-18,LCZL.GFE,LCZL2,50.0000,1.0000,"15,205.5000",0.0800,--,9:00:00,15:00:00,--,--,GFEX,
437,2023-09-15,LCZL.GFE,LCZL2,50.0000,1.0000,"15,219.0000",0.0800,--,9:00:00,15:00:00,--,--,GFEX,
438,2023-09-14,LCZL.GFE,LCZL2,50.0000,1.0000,"15,480.0000",0.0800,--,9:00:00,15:00:00,--,--,GFEX,
439,2023-09-13,LCZL.GFE,LCZL2,50.0000,1.0000,"15,916.5000",0.0800,--,9:00:00,15:00:00,--,--,GFEX,
440,2023-09-12,LCZL.GFE,LCZL2,50.0000,1.0000,"16,159.5000",0.0800,--,9:00:00,15:00:00,--,--,GFEX,
441,2023-09-11,LCZL.GFE,LCZL2,50.0000,1.0000,"15,912.0000",0.0800,--,9:00:00,15:00:00,--,--,GFEX,
442,2023-09-08,LCZL.GFE,LCZL2,50.0000,1.0000,"16,123.5000",0.0800,--,9:00:00,15:00:00,--,--,GFEX,
443,2023-09-07,LCZL.GFE,LCZL2,50.0000,1.0000,"16,713.0000",0.0800,--,9:00:00,15:00:00,--,--,GFEX,
444,2023-09-06,LCZL.GFE,LCZL2,50.0000,1.0000,"17,199.0000",0.0800,--,9:00:00,15:00:00,--,--,GFEX,
445,2023-09-05,LCZL.GFE,LCZL2,50.0000,1.0000,"17,190.0000",0.0800,--,9:00:00,15:00:00,--,--,GFEX,
446,2023-09-04,LCZL.GFE,LCZL2,50.0000,1.0000,"17,082.0000",0.0800,--,9:00:00,15:00:00,--,--,GFEX,
447,2023-09-01,LCZL.GFE,LCZL2,50.0000,1.0000,"16,915.5000",0.0800,--,9:00:00,15:00:00,--,--,GFEX,
448,2023-08-31,LCZL.GFE,LCZL2,50.0000,1.0000,"16,600.5000",0.0800,--,9:00:00,15:00:00,--,--,GFEX,
449,2023-08-30,LCZL.GFE,LCZL2,50.0000,1.0000,"16,771.5000",0.0800,--,9:00:00,15:00:00,--,--,GFEX,
450,2023-08-29,LCZL.GFE,LCZL2,50.0000,1.0000,"16,668.0000",0.0800,--,9:00:00,15:00:00,--,--,GFEX,
451,2023-08-28,LCZL.GFE,LCZL2,50.0000,1.0000,"17,073.0000",0.0800,--,9:00:00,15:00:00,--,--,GFEX,
452,2023-08-25,LCZL.GFE,LCZL2,50.0000,1.0000,"17,752.5000",0.0800,--,9:00:00,15:00:00,--,--,GFEX,
453,2023-08-24,LCZL.GFE,LCZL2,50.0000,1.0000,"17,995.5000",0.0800,--,9:00:00,15:00:00,--,--,GFEX,
454,2023-08-23,LCZL.GFE,LCZL2,50.0000,1.0000,"17,860.5000",0.0800,--,9:00:00,15:00:00,--,--,GFEX,
455,2023-08-22,LCZL.GFE,LCZL2,50.0000,1.0000,"18,022.5000",0.0800,--,9:00:00,15:00:00,--,--,GFEX,
456,2023-08-21,LCZL.GFE,LCZL2,50.0000,1.0000,"17,991.0000",0.0800,--,9:00:00,15:00:00,--,--,GFEX,
457,2023-08-18,LCZL.GFE,LCZL2,50.0000,1.0000,"17,667.0000",0.0800,--,9:00:00,15:00:00,--,--,GFEX,
458,2023-08-17,LCZL.GFE,LCZL2,50.0000,1.0000,"17,505.0000",0.0800,--,9:00:00,15:00:00,--,--,GFEX,
459,2023-08-16,LCZL.GFE,LCZL2,50.0000,1.0000,"17,761.5000",0.0800,--,9:00:00,15:00:00,--,--,GFEX,
460,2023-08-15,LCZL.GFE,LCZL2,50.0000,1.0000,"17,581.5000",0.0800,--,9:00:00,15:00:00,--,--,GFEX,
461,2023-08-14,LCZL.GFE,LCZL2,50.0000,1.0000,"18,139.5000",0.0800,--,9:00:00,15:00:00,--,--,GFEX,
462,2023-08-11,LCZL.GFE,LCZL2,50.0000,1.0000,"18,747.0000",0.0800,--,9:00:00,15:00:00,--,--,GFEX,
463,2023-08-10,LCZL.GFE,LCZL2,50.0000,1.0000,"19,296.0000",0.0800,--,9:00:00,15:00:00,--,--,GFEX,
464,2023-08-09,LCZL.GFE,LCZL2,50.0000,1.0000,"19,512.0000",0.0800,--,9:00:00,15:00:00,--,--,GFEX,
465,2023-08-08,LCZL.GFE,LCZL2,50.0000,1.0000,"19,647.0000",0.0800,--,9:00:00,15:00:00,--,--,GFEX,
466,2023-08-07,LCZL.GFE,LCZL2,50.0000,1.0000,"20,110.5000",0.0800,--,9:00:00,15:00:00,--,--,GFEX,
467,2023-08-04,LCZL.GFE,LCZL2,50.0000,1.0000,"20,673.0000",0.0800,--,9:00:00,15:00:00,--,--,GFEX,
468,2023-08-03,LCZL.GFE,LCZL2,50.0000,1.0000,"20,542.5000",0.0800,--,9:00:00,15:00:00,--,--,GFEX,
469,2023-08-02,LCZL.GFE,LCZL2,50.0000,1.0000,"20,610.0000",0.0800,--,9:00:00,15:00:00,--,--,GFEX,
470,2023-08-01,LCZL.GFE,LCZL2,50.0000,1.0000,"20,560.5000",0.0800,--,9:00:00,15:00:00,--,--,GFEX,
471,2023-07-31,LCZL.GFE,LCZL2,50.0000,1.0000,"20,754.0000",0.0800,--,9:00:00,15:00:00,--,--,GFEX,
472,2023-07-28,LCZL.GFE,LCZL2,50.0000,1.0000,"20,470.5000",0.0800,--,9:00:00,15:00:00,--,--,GFEX,
473,2023-07-27,LCZL.GFE,LCZL2,50.0000,1.0000,"20,524.5000",0.0800,--,9:00:00,15:00:00,--,--,GFEX,
474,2023-07-26,LCZL.GFE,LCZL2,50.0000,1.0000,"20,781.0000",0.0800,--,9:00:00,15:00:00,--,--,GFEX,
475,2023-07-25,LCZL.GFE,LCZL2,50.0000,1.0000,"26,646.0000",0.0800,--,9:00:00,15:00:00,--,--,GFEX,
476,2023-07-24,LCZL.GFE,LCZL2,50.0000,1.0000,"19,003.5000",0.0800,--,9:00:00,15:00:00,--,--,GFEX,
477,2023-07-21,LCZL.GFE,LCZL2,50.0000,1.0000,"19,863.0000",0.0800,--,9:00:00,15:00:00,--,--,GFEX,
478,2023-07-20,LCZL.GFE,LCZL2,50.0000,--,--,--,--,9:00:00,15:00:00,--,--,GFEX,
479,2023-07-19,LCZL.GFE,LCZL2,50.0000,--,--,--,--,9:00:00,15:00:00,--,--,GFEX,
480,2023-07-18,LCZL.GFE,LCZL2,50.0000,--,--,--,--,9:00:00,15:00:00,--,--,GFEX,
481,2023-07-17,LCZL.GFE,LCZL2,50.0000,--,--,--,--,9:00:00,15:00:00,--,--,GFEX,
482,2023-07-14,LCZL.GFE,LCZL2,50.0000,--,--,--,--,9:00:00,15:00:00,--,--,GFEX,
483,2023-07-13,LCZL.GFE,LCZL2,50.0000,--,--,--,--,9:00:00,15:00:00,--,--,GFEX,
484,2023-07-12,LCZL.GFE,LCZL2,50.0000,--,--,--,--,9:00:00,15:00:00,--,--,GFEX,
485,2023-07-11,LCZL.GFE,LCZL2,50.0000,--,--,--,--,9:00:00,15:00:00,--,--,GFEX,
486,2023-07-10,LCZL.GFE,LCZL2,50.0000,--,--,--,--,9:00:00,15:00:00,--,--,GFEX,
487,2023-07-07,LCZL.GFE,LCZL2,50.0000,--,--,--,--,9:00:00,15:00:00,--,--,GFEX,
488,2023-07-06,LCZL.GFE,LCZL2,50.0000,--,--,--,--,9:00:00,15:00:00,--,--,GFEX,
489,2023-07-05,LCZL.GFE,LCZL2,50.0000,--,--,--,--,9:00:00,15:00:00,--,--,GFEX,
490,2023-07-04,LCZL.GFE,LCZL2,50.0000,--,--,--,--,9:00:00,15:00:00,--,--,GFEX,
491,2023-07-03,LCZL.GFE,LCZL2,50.0000,--,--,--,--,9:00:00,15:00:00,--,--,GFEX,
492,2023-06-30,LCZL.GFE,LCZL2,50.0000,--,--,--,--,9:00:00,15:00:00,--,--,GFEX,
493,2023-06-29,LCZL.GFE,LCZL2,50.0000,--,--,--,--,9:00:00,15:00:00,--,--,GFEX,
494,2023-06-28,LCZL.GFE,LCZL2,50.0000,--,--,--,--,9:00:00,15:00:00,--,--,GFEX,
495,2023-06-27,LCZL.GFE,LCZL2,50.0000,--,--,--,--,9:00:00,15:00:00,--,--,GFEX,
496,2023-06-26,LCZL.GFE,LCZL2,50.0000,--,--,--,--,9:00:00,15:00:00,--,--,GFEX,
497,2023-06-21,LCZL.GFE,LCZL2,50.0000,--,--,--,--,9:00:00,15:00:00,--,--,GFEX,
498,2023-06-20,LCZL.GFE,LCZL2,50.0000,--,--,--,--,9:00:00,15:00:00,--,--,GFEX,
499,2023-06-19,LCZL.GFE,LCZL2,50.0000,--,--,--,--,9:00:00,15:00:00,--,--,GFEX,
500,2023-06-16,LCZL.GFE,LCZL2,50.0000,--,--,--,--,9:00:00,15:00:00,--,--,GFEX,
501,2023-06-15,LCZL.GFE,LCZL2,50.0000,--,--,--,--,9:00:00,15:00:00,--,--,GFEX,
502,2023-06-14,LCZL.GFE,LCZL2,50.0000,--,--,--,--,9:00:00,15:00:00,--,--,GFEX,
503,2023-06-13,LCZL.GFE,LCZL2,50.0000,--,--,--,--,9:00:00,15:00:00,--,--,GFEX,
504,2023-06-12,LCZL.GFE,LCZL2,50.0000,--,--,--,--,9:00:00,15:00:00,--,--,GFEX,
505,2023-06-09,LCZL.GFE,LCZL2,50.0000,--,--,--,--,9:00:00,15:00:00,--,--,GFEX,
506,2023-06-08,LCZL.GFE,LCZL2,50.0000,--,--,--,--,9:00:00,15:00:00,--,--,GFEX,
507,2023-06-07,LCZL.GFE,LCZL2,50.0000,--,--,--,--,9:00:00,15:00:00,--,--,GFEX,
508,2023-06-06,LCZL.GFE,LCZL2,50.0000,--,--,--,--,9:00:00,15:00:00,--,--,GFEX,
509,2023-06-05,LCZL.GFE,LCZL2,50.0000,--,--,--,--,9:00:00,15:00:00,--,--,GFEX,
510,2023-06-02,LCZL.GFE,LCZL2,50.0000,--,--,--,--,9:00:00,15:00:00,--,--,GFEX,
511,2023-06-01,LCZL.GFE,LCZL2,50.0000,--,--,--,--,9:00:00,15:00:00,--,--,GFEX,
512,2023-05-31,LCZL.GFE,LCZL2,50.0000,--,--,--,--,9:00:00,15:00:00,--,--,GFEX,
513,2023-05-30,LCZL.GFE,LCZL2,50.0000,--,--,--,--,9:00:00,15:00:00,--,--,GFEX,
514,2023-05-29,LCZL.GFE,LCZL2,50.0000,--,--,--,--,9:00:00,15:00:00,--,--,GFEX,
515,2023-05-26,LCZL.GFE,LCZL2,50.0000,--,--,--,--,9:00:00,15:00:00,--,--,GFEX,
516,2023-05-25,LCZL.GFE,LCZL2,50.0000,--,--,--,--,9:00:00,15:00:00,--,--,GFEX,
517,2023-05-24,LCZL.GFE,LCZL2,50.0000,--,--,--,--,9:00:00,15:00:00,--,--,GFEX,
518,2023-05-23,LCZL.GFE,LCZL2,50.0000,--,--,--,--,9:00:00,15:00:00,--,--,GFEX,
519,2023-05-22,LCZL.GFE,LCZL2,50.0000,--,--,--,--,9:00:00,15:00:00,--,--,GFEX,
520,2023-05-19,LCZL.GFE,LCZL2,50.0000,--,--,--,--,9:00:00,15:00:00,--,--,GFEX,
521,2023-05-18,LCZL.GFE,LCZL2,50.0000,--,--,--,--,9:00:00,15:00:00,--,--,GFEX,
522,2023-05-17,LCZL.GFE,LCZL2,50.0000,--,--,--,--,9:00:00,15:00:00,--,--,GFEX,
523,2023-05-16,LCZL.GFE,LCZL2,50.0000,--,--,--,--,9:00:00,15:00:00,--,--,GFEX,
524,2023-05-15,LCZL.GFE,LCZL2,50.0000,--,--,--,--,9:00:00,15:00:00,--,--,GFEX,
525,2023-05-12,LCZL.GFE,LCZL2,50.0000,--,--,--,--,9:00:00,15:00:00,--,--,GFEX,
526,2023-05-11,LCZL.GFE,LCZL2,50.0000,--,--,--,--,9:00:00,15:00:00,--,--,GFEX,
527,2023-05-10,LCZL.GFE,LCZL2,50.0000,--,--,--,--,9:00:00,15:00:00,--,--,GFEX,
528,2023-05-09,LCZL.GFE,LCZL2,50.0000,--,--,--,--,9:00:00,15:00:00,--,--,GFEX,
529,2023-05-08,LCZL.GFE,LCZL2,50.0000,--,--,--,--,9:00:00,15:00:00,--,--,GFEX,
530,2023-05-05,LCZL.GFE,LCZL2,50.0000,--,--,--,--,9:00:00,15:00:00,--,--,GFEX,
531,2023-05-04,LCZL.GFE,LCZL2,50.0000,--,--,--,--,9:00:00,15:00:00,--,--,GFEX,
532,2023-04-28,LCZL.GFE,LCZL2,50.0000,--,--,--,--,9:00:00,15:00:00,--,--,GFEX,
533,2023-04-27,LCZL.GFE,LCZL2,50.0000,--,--,--,--,9:00:00,15:00:00,--,--,GFEX,
534,2023-04-26,LCZL.GFE,LCZL2,50.0000,--,--,--,--,9:00:00,15:00:00,--,--,GFEX,
535,2023-04-25,LCZL.GFE,LCZL2,50.0000,--,--,--,--,9:00:00,15:00:00,--,--,GFEX,
536,2023-04-24,LCZL.GFE,LCZL2,50.0000,--,--,--,--,9:00:00,15:00:00,--,--,GFEX,
537,2023-04-21,LCZL.GFE,LCZL2,50.0000,--,--,--,--,9:00:00,15:00:00,--,--,GFEX,
538,2023-04-20,LCZL.GFE,LCZL2,50.0000,--,--,--,--,9:00:00,15:00:00,--,--,GFEX,
539,2023-04-19,LCZL.GFE,LCZL2,50.0000,--,--,--,--,9:00:00,15:00:00,--,--,GFEX,
540,2023-04-18,LCZL.GFE,LCZL2,50.0000,--,--,--,--,9:00:00,15:00:00,--,--,GFEX,
541,2023-04-17,LCZL.GFE,LCZL2,50.0000,--,--,--,--,9:00:00,15:00:00,--,--,GFEX,
542,2023-04-14,LCZL.GFE,LCZL2,50.0000,--,--,--,--,9:00:00,15:00:00,--,--,GFEX,
543,2023-04-13,LCZL.GFE,LCZL2,50.0000,--,--,--,--,9:00:00,15:00:00,--,--,GFEX,
544,2023-04-12,LCZL.GFE,LCZL2,50.0000,--,--,--,--,9:00:00,15:00:00,--,--,GFEX,
545,2023-04-11,LCZL.GFE,LCZL2,50.0000,--,--,--,--,9:00:00,15:00:00,--,--,GFEX,
546,2023-04-10,LCZL.GFE,LCZL2,50.0000,--,--,--,--,9:00:00,15:00:00,--,--,GFEX,
547,2023-04-07,LCZL.GFE,LCZL2,50.0000,--,--,--,--,9:00:00,15:00:00,--,--,GFEX,
548,2023-04-06,LCZL.GFE,LCZL2,50.0000,--,--,--,--,9:00:00,15:00:00,--,--,GFEX,
549,2023-04-04,LCZL.GFE,LCZL2,50.0000,--,--,--,--,9:00:00,15:00:00,--,--,GFEX,
550,2023-04-03,LCZL.GFE,LCZL2,50.0000,--,--,--,--,9:00:00,15:00:00,--,--,GFEX,
551,2023-03-31,LCZL.GFE,LCZL2,50.0000,--,--,--,--,9:00:00,15:00:00,--,--,GFEX,
552,2023-03-30,LCZL.GFE,LCZL2,50.0000,--,--,--,--,9:00:00,15:00:00,--,--,GFEX,
553,2023-03-29,LCZL.GFE,LCZL2,50.0000,--,--,--,--,9:00:00,15:00:00,--,--,GFEX,
554,2023-03-28,LCZL.GFE,LCZL2,50.0000,--,--,--,--,9:00:00,15:00:00,--,--,GFEX,
555,2023-03-27,LCZL.GFE,LCZL2,50.0000,--,--,--,--,9:00:00,15:00:00,--,--,GFEX,
556,2023-03-24,LCZL.GFE,LCZL2,50.0000,--,--,--,--,9:00:00,15:00:00,--,--,GFEX,
557,2023-03-23,LCZL.GFE,LCZL2,50.0000,--,--,--,--,9:00:00,15:00:00,--,--,GFEX,
558,2023-03-22,LCZL.GFE,LCZL2,50.0000,--,--,--,--,9:00:00,15:00:00,--,--,GFEX,
559,2023-03-21,LCZL.GFE,LCZL2,50.0000,--,--,--,--,9:00:00,15:00:00,--,--,GFEX,
560,2023-03-20,LCZL.GFE,LCZL2,50.0000,--,--,--,--,9:00:00,15:00:00,--,--,GFEX,
561,2023-03-17,LCZL.GFE,LCZL2,50.0000,--,--,--,--,9:00:00,15:00:00,--,--,GFEX,
562,2023-03-16,LCZL.GFE,LCZL2,50.0000,--,--,--,--,9:00:00,15:00:00,--,--,GFEX,
563,2023-03-15,LCZL.GFE,LCZL2,50.0000,--,--,--,--,9:00:00,15:00:00,--,--,GFEX,
564,2023-03-14,LCZL.GFE,LCZL2,50.0000,--,--,--,--,9:00:00,15:00:00,--,--,GFEX,
565,2023-03-13,LCZL.GFE,LCZL2,50.0000,--,--,--,--,9:00:00,15:00:00,--,--,GFEX,
566,2023-03-10,LCZL.GFE,LCZL2,50.0000,--,--,--,--,9:00:00,15:00:00,--,--,GFEX,
567,2023-03-09,LCZL.GFE,LCZL2,50.0000,--,--,--,--,9:00:00,15:00:00,--,--,GFEX,
568,2023-03-08,LCZL.GFE,LCZL2,50.0000,--,--,--,--,9:00:00,15:00:00,--,--,GFEX,
569,2023-03-07,LCZL.GFE,LCZL2,50.0000,--,--,--,--,9:00:00,15:00:00,--,--,GFEX,
570,2023-03-06,LCZL.GFE,LCZL2,50.0000,--,--,--,--,9:00:00,15:00:00,--,--,GFEX,
571,2023-03-03,LCZL.GFE,LCZL2,50.0000,--,--,--,--,9:00:00,15:00:00,--,--,GFEX,
572,2023-03-02,LCZL.GFE,LCZL2,50.0000,--,--,--,--,9:00:00,15:00:00,--,--,GFEX,
573,2023-03-01,LCZL.GFE,LCZL2,50.0000,--,--,--,--,9:00:00,15:00:00,--,--,GFEX,
574,2023-02-28,LCZL.GFE,LCZL2,50.0000,--,--,--,--,9:00:00,15:00:00,--,--,GFEX,
575,2023-02-27,LCZL.GFE,LCZL2,50.0000,--,--,--,--,9:00:00,15:00:00,--,--,GFEX,
576,2023-02-24,LCZL.GFE,LCZL2,50.0000,--,--,--,--,9:00:00,15:00:00,--,--,GFEX,
577,2023-02-23,LCZL.GFE,LCZL2,50.0000,--,--,--,--,9:00:00,15:00:00,--,--,GFEX,
578,2023-02-22,LCZL.GFE,LCZL2,50.0000,--,--,--,--,9:00:00,15:00:00,--,--,GFEX,
579,2023-02-21,LCZL.GFE,LCZL2,50.0000,--,--,--,--,9:00:00,15:00:00,--,--,GFEX,
580,2023-02-20,LCZL.GFE,LCZL2,50.0000,--,--,--,--,9:00:00,15:00:00,--,--,GFEX,
581,2023-02-17,LCZL.GFE,LCZL2,50.0000,--,--,--,--,9:00:00,15:00:00,--,--,GFEX,
582,2023-02-16,LCZL.GFE,LCZL2,50.0000,--,--,--,--,9:00:00,15:00:00,--,--,GFEX,
583,2023-02-15,LCZL.GFE,LCZL2,50.0000,--,--,--,--,9:00:00,15:00:00,--,--,GFEX,
584,2023-02-14,LCZL.GFE,LCZL2,50.0000,--,--,--,--,9:00:00,15:00:00,--,--,GFEX,
585,2023-02-13,LCZL.GFE,LCZL2,50.0000,--,--,--,--,9:00:00,15:00:00,--,--,GFEX,
586,2023-02-10,LCZL.GFE,LCZL2,50.0000,--,--,--,--,9:00:00,15:00:00,--,--,GFEX,
587,2023-02-09,LCZL.GFE,LCZL2,50.0000,--,--,--,--,9:00:00,15:00:00,--,--,GFEX,
588,2023-02-08,LCZL.GFE,LCZL2,50.0000,--,--,--,--,9:00:00,15:00:00,--,--,GFEX,
589,2023-02-07,LCZL.GFE,LCZL2,50.0000,--,--,--,--,9:00:00,15:00:00,--,--,GFEX,
590,2023-02-06,LCZL.GFE,LCZL2,50.0000,--,--,--,--,9:00:00,15:00:00,--,--,GFEX,
591,2023-02-03,LCZL.GFE,LCZL2,50.0000,--,--,--,--,9:00:00,15:00:00,--,--,GFEX,
592,2023-02-02,LCZL.GFE,LCZL2,50.0000,--,--,--,--,9:00:00,15:00:00,--,--,GFEX,
593,2023-02-01,LCZL.GFE,LCZL2,50.0000,--,--,--,--,9:00:00,15:00:00,--,--,GFEX,
594,2023-01-31,LCZL.GFE,LCZL2,50.0000,--,--,--,--,9:00:00,15:00:00,--,--,GFEX,
595,2023-01-30,LCZL.GFE,LCZL2,50.0000,--,--,--,--,9:00:00,15:00:00,--,--,GFEX,
596,2023-01-20,LCZL.GFE,LCZL2,50.0000,--,--,--,--,9:00:00,15:00:00,--,--,GFEX,
597,2023-01-19,LCZL.GFE,LCZL2,50.0000,--,--,--,--,9:00:00,15:00:00,--,--,GFEX,
598,2023-01-18,LCZL.GFE,LCZL2,50.0000,--,--,--,--,9:00:00,15:00:00,--,--,GFEX,
599,2023-01-17,LCZL.GFE,LCZL2,50.0000,--,--,--,--,9:00:00,15:00:00,--,--,GFEX,
600,2023-01-16,LCZL.GFE,LCZL2,50.0000,--,--,--,--,9:00:00,15:00:00,--,--,GFEX,
601,2023-01-13,LCZL.GFE,LCZL2,50.0000,--,--,--,--,9:00:00,15:00:00,--,--,GFEX,
602,2023-01-12,LCZL.GFE,LCZL2,50.0000,--,--,--,--,9:00:00,15:00:00,--,--,GFEX,
603,2023-01-11,LCZL.GFE,LCZL2,50.0000,--,--,--,--,9:00:00,15:00:00,--,--,GFEX,
604,2023-01-10,LCZL.GFE,LCZL2,50.0000,--,--,--,--,9:00:00,15:00:00,--,--,GFEX,
605,2023-01-09,LCZL.GFE,LCZL2,50.0000,--,--,--,--,9:00:00,15:00:00,--,--,GFEX,
606,2023-01-06,LCZL.GFE,LCZL2,50.0000,--,--,--,--,9:00:00,15:00:00,--,--,GFEX,
607,2023-01-05,LCZL.GFE,LCZL2,50.0000,--,--,--,--,9:00:00,15:00:00,--,--,GFEX,
608,2023-01-04,LCZL.GFE,LCZL2,50.0000,--,--,--,--,9:00:00,15:00:00,--,--,GFEX,
609,2023-01-03,LCZL.GFE,LCZL2,50.0000,--,--,--,--,9:00:00,15:00:00,--,--,GFEX,
610,2022-12-30,LCZL.GFE,LCZL2,50.0000,--,--,--,--,9:00:00,15:00:00,--,--,GFEX,
611,2022-12-29,LCZL.GFE,LCZL2,50.0000,--,--,--,--,9:00:00,15:00:00,--,--,GFEX,
612,2022-12-28,LCZL.GFE,LCZL2,50.0000,--,--,--,--,9:00:00,15:00:00,--,--,GFEX,
613,2022-12-27,LCZL.GFE,LCZL2,50.0000,--,--,--,--,9:00:00,15:00:00,--,--,GFEX,
614,2022-12-26,LCZL.GFE,LCZL2,50.0000,--,--,--,--,9:00:00,15:00:00,--,--,GFEX,
615,2022-12-23,LCZL.GFE,LCZL2,50.0000,--,--,--,--,9:00:00,15:00:00,--,--,GFEX,
616,2022-12-22,LCZL.GFE,LCZL2,50.0000,--,--,--,--,9:00:00,15:00:00,--,--,GFEX,
,,,,,,,,,,,,,,
iFinD,,,,,,,,,,,,,,
