,Asset,Open_Time,Open_Price,Direction,Close_Time,Close_Price,Predicted_Return,Position
0,JD,2017-02-09,3333.0,-4.0,2017-02-09,3320.0,-0.001599163763066202,5332.8
1,JD,2017-02-13,3330.0,-4.0,2017-02-13,3368.0,-0.0016071527777777777,5328.0
2,JD,2017-02-14,3366.0,-4.0,2017-02-14,3363.0,-0.0015942906574394461,5385.6
3,JD,2017-02-15,3350.0,-4.0,2017-02-15,3314.0,-0.001591862068965517,5360.0
4,JD,2017-02-16,3321.0,-4.0,2017-02-16,3317.0,-0.001623333333333333,5313.6
5,JD,2017-02-20,3276.0,-4.0,2017-02-20,3284.0,-0.0016218835616438356,5241.6
6,JD,2017-02-21,3288.0,-4.0,2017-02-21,3295.0,-0.001653447098976109,5260.8
7,JD,2017-02-22,3279.0,-4.0,2017-02-22,3315.0,-0.001640578231292517,5246.400000000001
8,JD,2017-02-23,3319.0,-4.0,2017-02-23,3294.0,-0.0015977966101694914,5310.400000000001
9,JD,2017-02-27,3352.0,-4.0,2017-02-27,3343.0,-0.0016178378378378375,5363.200000000001
10,JD,2017-02-28,3343.0,-4.0,2017-02-28,3328.0,-0.00153006734006734,5348.8
11,JD,2017-03-01,3340.0,-4.0,2017-03-01,3330.0,-0.0015399999999999997,5344.0
12,JD,2017-03-02,3340.0,-4.0,2017-03-02,3346.0,-0.0015448494983277589,5344.0
13,JD,2017-03-06,3316.0,-4.0,2017-03-06,3299.0,-0.0015336999999999998,5305.6
14,JD,2017-03-07,3301.0,-4.0,2017-03-07,3258.0,-0.001536611295681063,5281.6
15,JD,2017-03-08,3240.0,-4.0,2017-03-08,3218.0,-0.0015746688741721851,5184.0
16,JD,2017-03-09,3210.0,-4.0,2017-03-09,3214.0,-0.0015918811881188116,5136.0
17,JD,2017-03-13,3205.0,-4.0,2017-03-13,3221.0,-0.001582532894736842,5128.0
18,JD,2017-03-14,3220.0,-4.0,2017-03-14,3222.0,-0.0015875409836065574,5152.0
19,JD,2017-03-15,3230.0,-4.0,2017-03-15,3217.0,-0.0015803267973856208,5168.0
20,JD,2017-03-16,3223.0,-4.0,2017-03-16,3163.0,-0.001588273615635179,5156.8
21,JD,2017-03-20,3182.0,-5.0,2017-03-20,3269.0,-0.0016435714285714283,6364.0
22,JD,2017-03-21,3285.0,-4.0,2017-03-21,3319.0,-0.0016382524271844657,5256.0
23,JD,2017-03-22,3310.0,-4.0,2017-03-22,3294.0,-0.0015995806451612902,5296.0
24,JD,2017-03-23,3294.0,-4.0,2017-03-23,3293.0,-0.0016099678456591637,5270.400000000001
25,JD,2017-03-27,3258.0,-4.0,2017-03-27,3277.0,-0.0016057692307692305,5212.8
26,JD,2017-03-28,3285.0,-4.0,2017-03-28,3220.0,-0.0016239297124600637,5256.0
27,JD,2017-03-29,3226.0,-4.0,2017-03-29,3224.0,-0.0016817834394904454,5161.6
28,JD,2017-03-30,3215.0,-4.0,2017-03-30,3148.0,-0.0016784126984126983,5144.0
29,JD,2017-04-05,3086.0,-5.0,2017-04-05,3057.0,-0.0017390506329113921,6172.0
30,JD,2017-04-06,3060.0,-5.0,2017-04-06,3062.0,-0.0017625552050473184,6120.0
31,JD,2017-04-18,3920.0,-4.0,2017-04-18,3879.0,-0.0017549685534591192,6272.0
32,JD,2017-04-19,3850.0,-4.0,2017-04-19,3759.0,-0.0017864890282131662,6160.0
33,JD,2017-04-20,3755.0,-4.0,2017-04-20,3809.0,-0.00185478125,6008.0
34,JD,2017-04-24,3783.0,-4.0,2017-04-24,3785.0,-0.0018042056074766353,6052.8
35,JD,2017-04-25,3780.0,-4.0,2017-04-25,3851.0,-0.0017895962732919252,6048.0
36,JD,2017-04-26,3858.0,-4.0,2017-04-26,3917.0,-0.0017259133126934982,6172.8
37,JD,2017-04-27,3918.0,-4.0,2017-04-27,3885.0,-0.0016733950617283948,6268.8
38,JD,2017-05-02,3968.0,-4.0,2017-05-02,3928.0,-0.001694153846153846,6348.8
39,JD,2017-05-03,3920.0,-4.0,2017-05-03,3841.0,-0.001648650306748466,6272.0
40,JD,2017-05-04,3820.0,-4.0,2017-05-04,3846.0,-0.001705229357798165,6112.0
41,JD,2017-05-08,3830.0,-4.0,2017-05-08,3638.0,-0.0016792682926829268,6128.0
42,JD,2017-05-09,3630.0,-4.0,2017-05-09,3593.0,-0.0016638297872340426,5808.0
43,JD,2017-05-10,3600.0,-4.0,2017-05-10,3597.0,-0.0016896666666666664,5760.0
44,JD,2017-05-11,3599.0,-4.0,2017-05-11,3620.0,-0.0016870694864048335,5758.400000000001
45,JD,2017-05-15,3570.0,-4.0,2017-05-15,3525.0,-0.0016644277108433733,5712.0
46,JD,2017-05-16,3500.0,-4.0,2017-05-16,3530.0,-0.0016693993993993992,5600.0
47,JD,2017-05-17,3521.0,-4.0,2017-05-17,3505.0,-0.0016387425149700598,5633.6
48,JD,2017-05-18,3498.0,-4.0,2017-05-18,3535.0,-0.0016474029850746265,5596.8
49,JD,2017-05-22,3521.0,-4.0,2017-05-22,3532.0,-0.0016110119047619044,5633.6
50,JD,2017-05-23,3523.0,-4.0,2017-05-23,3518.0,-0.0016288724035608305,5636.8
51,JD,2017-05-24,3515.0,-4.0,2017-05-24,3540.0,-0.0016282544378698222,5624.0
52,JD,2017-05-25,3540.0,-4.0,2017-05-25,3524.0,-0.0016024778761061945,5664.0
53,JD,2017-05-31,3420.0,-4.0,2017-05-31,3376.0,-0.0016110588235294118,5472.0
54,JD,2017-06-01,3400.0,-4.0,2017-06-01,3587.0,-0.0016839589442815249,5440.0
55,JD,2017-06-05,3620.0,-4.0,2017-06-05,3564.0,-0.0015182163742690057,5792.0
56,JD,2017-06-06,3557.0,-4.0,2017-06-06,3588.0,-0.0014992419825072888,5691.200000000001
57,JD,2017-06-07,3588.0,-4.0,2017-06-07,3615.0,-0.0014695348837209302,5740.8
58,JD,2017-06-08,3623.0,-4.0,2017-06-08,3677.0,-0.0014434492753623187,5796.8
59,JD,2017-06-12,3700.0,-4.0,2017-06-12,3728.0,-0.00139621387283237,5920.0
60,JD,2017-06-13,3718.0,-4.0,2017-06-13,3727.0,-0.0014070028818443804,5948.8
61,JD,2017-06-29,4015.0,-3.0,2017-06-29,4019.0,-0.0013960057471264367,4818.0
62,JD,2017-07-03,3950.0,-4.0,2017-07-03,4004.0,-0.0013996848137535817,6320.0
63,JD,2017-07-04,3970.0,-4.0,2017-07-04,3797.0,-0.0013871428571428572,6352.0
64,JD,2017-07-05,3756.0,-4.0,2017-07-05,3788.0,-0.0015073504273504274,6009.6
65,JD,2017-07-06,3800.0,-4.0,2017-07-06,3963.0,-0.0014788636363636364,6080.0
66,JD,2017-07-10,3950.0,-4.0,2017-07-10,3924.0,-0.001353172804532578,6320.0
67,JD,2017-07-11,3949.0,-4.0,2017-07-11,3967.0,-0.001351497175141243,6318.400000000001
68,JD,2017-07-12,3960.0,-4.0,2017-07-12,3893.0,-0.0013348450704225353,6336.0
69,JD,2017-07-13,3879.0,-4.0,2017-07-13,3874.0,-0.0013786235955056182,6206.400000000001
70,JD,2017-07-17,3895.0,-4.0,2017-07-17,3941.0,-0.0013783753501400559,6232.0
71,JD,2017-07-18,3955.0,-4.0,2017-07-18,3980.0,-0.0013222905027932962,6328.0
72,JD,2017-07-19,4010.0,-3.0,2017-07-19,4014.0,-0.0013010027855153204,4812.0
73,JD,2017-07-20,4020.0,-3.0,2017-07-20,3972.0,-0.0012946111111111112,4824.0
74,JD,2017-07-24,3948.0,-4.0,2017-07-24,3897.0,-0.0013240997229916898,6316.8
75,JD,2017-07-25,3941.0,-4.0,2017-07-25,3990.0,-0.0013294475138121548,6305.6
76,JD,2017-07-26,4020.0,-3.0,2017-07-26,3949.0,-0.0012915426997245178,4824.0
77,JD,2017-07-27,3970.0,-4.0,2017-07-27,3957.0,-0.001336510989010989,6352.0
78,JD,2017-07-31,4005.0,-3.0,2017-07-31,4032.0,-0.001341808219178082,4806.0
79,JD,2017-08-03,4096.0,-3.0,2017-08-03,4088.0,-0.0013734426229508197,4915.2
80,JD,2017-08-07,4298.0,-3.0,2017-08-07,4295.0,-0.0013927792915531334,5157.599999999999
81,JD,2017-08-08,4295.0,-3.0,2017-08-08,4345.0,-0.0012966576086956521,5154.0
82,JD,2017-08-09,4351.0,-3.0,2017-08-09,4461.0,-0.0012615989159891598,5221.2
83,JD,2017-08-21,4496.0,-3.0,2017-08-21,4593.0,-0.0011898648648648647,5395.2
84,JD,2017-08-22,4589.0,-3.0,2017-08-22,4575.0,-0.0011751482479784364,5506.8
85,JD,2017-08-23,4550.0,-3.0,2017-08-23,4412.0,-0.0011801881720430105,5460.0
86,JD,2017-08-24,4424.0,-3.0,2017-08-24,4378.0,-0.001258337801608579,5308.8
87,JD,2017-08-28,4300.0,-3.0,2017-08-28,4332.0,-0.0012827807486631014,5160.0
88,JD,2017-08-29,4352.0,-3.0,2017-08-29,4337.0,-0.0013200533333333332,5222.4
89,JD,2017-08-30,4359.0,-3.0,2017-08-30,4244.0,-0.0013257180851063827,5230.8
90,JD,2017-08-31,4228.0,-3.0,2017-08-31,4227.0,-0.0013921750663129972,5073.599999999999
91,JD,2017-09-04,4260.0,-3.0,2017-09-04,4263.0,-0.001389126984126984,5112.0
92,JD,2017-09-05,4285.0,-3.0,2017-09-05,4244.0,-0.0014028232189973611,5142.0
93,JD,2017-09-06,4260.0,-3.0,2017-09-06,4273.0,-0.0014243157894736841,5112.0
94,JD,2017-09-07,4257.0,-3.0,2017-09-07,4179.0,-0.00141257217847769,5108.4
95,JD,2017-09-11,4126.0,-3.0,2017-09-11,4194.0,-0.0014568324607329842,4951.2
96,JD,2017-09-12,4195.0,-3.0,2017-09-12,4193.0,-0.001475456919060052,5034.0
97,JD,2017-09-13,4186.0,-3.0,2017-09-13,4152.0,-0.0014728645833333332,5023.2
98,JD,2017-09-14,4160.0,-3.0,2017-09-14,4193.0,-0.0014901298701298705,4992.0
99,JD,2017-09-18,4130.0,-3.0,2017-09-18,4079.0,-0.0014657253886010365,4956.0
100,JD,2017-09-19,4050.0,-3.0,2017-09-19,4049.0,-0.001468733850129199,4860.0
101,JD,2017-09-20,4055.0,-3.0,2017-09-20,4081.0,-0.0014655927835051548,4866.0
102,JD,2017-09-21,4092.0,-3.0,2017-09-21,4171.0,-0.0014453470437017996,4910.4
103,JD,2017-09-25,4130.0,-3.0,2017-09-25,4089.0,-0.0013921282051282053,4956.0
104,JD,2017-09-26,4096.0,-3.0,2017-09-26,4120.0,-0.0013836572890025575,4915.2
105,JD,2017-09-27,4120.0,-3.0,2017-09-27,4117.0,-0.0013651785714285714,4944.0
106,JD,2017-09-28,4103.0,-3.0,2017-09-28,4169.0,-0.0013635623409669212,4923.599999999999
107,JD,2017-10-09,4209.0,-3.0,2017-10-09,4198.0,-0.001319263959390863,5050.8
108,JD,2017-10-10,4185.0,-3.0,2017-10-10,4210.0,-0.001304987341772152,5022.0
109,JD,2017-10-11,4205.0,-3.0,2017-10-11,4271.0,-0.0012866161616161618,5046.0
110,JD,2017-10-12,4265.0,-3.0,2017-10-12,4251.0,-0.0012438287153652393,5118.0
111,JD,2017-10-16,4242.0,-3.0,2017-10-16,4267.0,-0.0012489447236180905,5090.4
112,JD,2017-10-17,4250.0,-3.0,2017-10-17,4269.0,-0.0012493483709273183,5100.0
113,JD,2017-10-18,4275.0,-3.0,2017-10-18,4272.0,-0.0012350500000000001,5130.0
114,JD,2017-10-19,4281.0,-3.0,2017-10-19,4322.0,-0.0012337157107231921,5137.2
115,JD,2017-10-23,4355.0,-3.0,2017-10-23,4330.0,-0.00120681592039801,5226.0
116,JD,2017-10-24,4320.0,-3.0,2017-10-24,4345.0,-0.0011958064516129033,5184.0
117,JD,2017-10-25,4348.0,-3.0,2017-10-25,4340.0,-0.0011785148514851485,5217.599999999999
118,JD,2017-10-26,4347.0,-3.0,2017-10-26,4341.0,-0.0011801481481481483,5216.4
119,JD,2017-10-30,4294.0,-3.0,2017-10-30,4237.0,-0.00118064039408867,5152.8
120,JD,2017-10-31,4238.0,-3.0,2017-10-31,4249.0,-0.0012116216216216218,5085.599999999999
121,JD,2017-11-01,4265.0,-3.0,2017-11-01,4289.0,-0.001202279411764706,5118.0
122,JD,2017-11-02,4297.0,-3.0,2017-11-02,4316.0,-0.0011855745721271393,5156.4
123,JD,2017-11-06,4297.0,-3.0,2017-11-06,4346.0,-0.0011719024390243902,5156.4
124,JD,2017-11-07,4362.0,-3.0,2017-11-07,4400.0,-0.0011786374695863747,5234.4
125,JD,2017-11-08,4420.0,-3.0,2017-11-08,4411.0,-0.001154635922330097,5304.0
126,JD,2017-11-09,4422.0,-3.0,2017-11-09,4427.0,-0.0011567796610169492,5306.4
127,JD,2017-11-13,4417.0,-3.0,2017-11-13,4422.0,-0.0011512560386473432,5300.4
128,JD,2017-11-14,4412.0,-3.0,2017-11-14,4416.0,-0.0011517590361445782,5294.4
129,JD,2017-11-15,4390.0,-3.0,2017-11-15,4415.0,-0.0011468028846153846,5268.0
130,JD,2017-11-16,4418.0,-3.0,2017-11-16,4407.0,-0.0011304076738609112,5301.599999999999
131,JD,2017-11-20,4409.0,-3.0,2017-11-20,4339.0,-0.0011336602870813397,5290.8
132,JD,2017-11-21,4360.0,-3.0,2017-11-21,4381.0,-0.0011222673031026254,5232.0
133,JD,2017-11-22,4410.0,-3.0,2017-11-22,4490.0,-0.0011081190476190477,5292.0
134,JD,2017-11-23,4508.0,-3.0,2017-11-23,4482.0,-0.001062399049881235,5409.599999999999
135,JD,2017-11-27,4486.0,-3.0,2017-11-27,4498.0,-0.0010735545023696682,5383.2
136,JD,2017-11-28,4515.0,-3.0,2017-11-28,4509.0,-0.0010704964539007093,5418.0
137,JD,2017-11-29,4520.0,-3.0,2017-11-29,4569.0,-0.0010711084905660377,5424.0
138,JD,2017-12-04,3980.0,-4.0,2017-12-04,4007.0,-0.0010430823529411764,6368.0
139,JD,2017-12-05,4007.0,-3.0,2017-12-05,3936.0,-0.001082699530516432,4808.4
140,JD,2017-12-06,3940.0,-4.0,2017-12-06,3890.0,-0.0011216627634660422,6304.0
141,JD,2017-12-07,3895.0,-4.0,2017-12-07,3846.0,-0.0011486915887850466,6232.0
142,JD,2017-12-11,3862.0,-4.0,2017-12-11,3820.0,-0.0011753379953379954,6179.200000000001
143,JD,2017-12-20,3796.0,-4.0,2017-12-20,3781.0,-0.0011726046511627906,6073.6
144,JD,2017-12-21,3781.0,-4.0,2017-12-21,3775.0,-0.0011735266821345707,6049.6
145,JD,2017-12-25,3810.0,-4.0,2017-12-25,3809.0,-0.0011744907407407403,6096.0
146,JD,2017-12-26,3801.0,-4.0,2017-12-26,3781.0,-0.0011736027713625862,6081.6
147,JD,2017-12-27,3784.0,-4.0,2017-12-27,3805.0,-0.001183018433179723,6054.400000000001
148,JD,2017-12-28,3805.0,-4.0,2017-12-28,3820.0,-0.0011675402298850573,6088.0
149,JD,2018-01-02,3820.0,-4.0,2018-01-02,3848.0,-0.0011558256880733941,6112.0
150,JD,2018-01-03,3853.0,-4.0,2018-01-03,3804.0,-0.001150183066361556,6164.8
151,JD,2018-01-04,3814.0,-4.0,2018-01-04,3797.0,-0.0011765981735159814,6102.400000000001
152,JD,2018-01-08,3780.0,-4.0,2018-01-08,3717.0,-0.0011840774487471525,6048.0
153,JD,2018-01-09,3717.0,-4.0,2018-01-09,3720.0,-0.0011885681818181817,5947.200000000001
154,JD,2018-01-10,3719.0,-4.0,2018-01-10,3721.0,-0.001184036281179138,5950.400000000001
155,JD,2018-01-11,3731.0,-4.0,2018-01-11,3722.0,-0.0011801357466063346,5969.6
156,JD,2018-01-22,3700.0,-4.0,2018-01-22,3680.0,-0.0011829119638826183,5920.0
157,JD,2018-01-23,3678.0,-4.0,2018-01-23,3676.0,-0.001178423423423423,5884.8
158,JD,2018-01-24,3686.0,-4.0,2018-01-24,3708.0,-0.0011769887640449435,5897.6
159,JD,2018-01-25,3698.0,-4.0,2018-01-25,3681.0,-0.0011609641255605379,5916.8
160,JD,2018-01-29,3685.0,-4.0,2018-01-29,3626.0,-0.0011686577181208053,5896.0
161,JD,2018-01-30,3631.0,-4.0,2018-01-30,3626.0,-0.0011660491071428573,5809.6
162,JD,2018-01-31,3627.0,-4.0,2018-01-31,3623.0,-0.0011665256124721605,5803.200000000001
163,JD,2018-02-01,3634.0,-4.0,2018-02-01,3615.0,-0.0011663777777777776,5814.400000000001
164,JD,2018-02-05,3630.0,-4.0,2018-02-05,3677.0,-0.0011753880266075387,5808.0
165,JD,2018-02-06,3683.0,-4.0,2018-02-06,3682.0,-0.0011764601769911505,5892.8
166,JD,2018-02-07,3689.0,-4.0,2018-02-07,3669.0,-0.0011744591611479028,5902.400000000001
167,JD,2018-02-08,3661.0,-4.0,2018-02-08,3678.0,-0.0011838105726872247,5857.6
168,JD,2018-02-12,3695.0,-4.0,2018-02-12,3732.0,-0.001171010989010989,5912.0
169,JD,2018-02-13,3745.0,-4.0,2018-02-13,3756.0,-0.0011618859649122806,5992.0
170,JD,2018-02-14,3756.0,-4.0,2018-02-14,3700.0,-0.001152910284463895,6009.6
171,JD,2018-02-22,3676.0,-4.0,2018-02-22,3698.0,-0.001182947598253275,5881.6
172,JD,2018-02-26,3800.0,-4.0,2018-02-26,3793.0,-0.0011673420479302833,6080.0
173,JD,2018-02-27,3797.0,-4.0,2018-02-27,3776.0,-0.001108891304347826,6075.200000000001
174,JD,2018-02-28,3772.0,-4.0,2018-02-28,3768.0,-0.0011184815618221257,6035.200000000001
175,JD,2018-03-01,3770.0,-4.0,2018-03-01,3772.0,-0.0011183549783549784,6032.0
176,JD,2018-03-05,3750.0,-4.0,2018-03-05,3681.0,-0.0011147948164146868,6000.0
177,JD,2018-03-06,3650.0,-4.0,2018-03-06,3693.0,-0.0010957974137931032,5840.0
178,JD,2018-03-07,3700.0,-4.0,2018-03-07,3658.0,-0.00106810752688172,5920.0
179,JD,2018-03-08,3666.0,-4.0,2018-03-08,3669.0,-0.0010901716738197422,5865.6
180,JD,2018-03-12,3650.0,-4.0,2018-03-12,3595.0,-0.0010860813704496786,5840.0
181,JD,2018-03-13,3609.0,-4.0,2018-03-13,3606.0,-0.0010837606837606835,5774.400000000001
182,JD,2018-03-14,3607.0,-4.0,2018-03-14,3637.0,-0.0010832196162046906,5771.200000000001
183,JD,2018-03-15,3642.0,-4.0,2018-03-15,3643.0,-0.0010632127659574466,5827.200000000001
184,JD,2018-03-19,3592.0,-4.0,2018-03-19,3439.0,-0.0010603821656050953,5747.200000000001
185,JD,2018-03-20,3407.0,-4.0,2018-03-20,3374.0,-0.0010709533898305083,5451.200000000001
186,JD,2018-03-21,3380.0,-4.0,2018-03-21,3367.0,-0.0010891754756871036,5408.0
187,JD,2018-03-22,3365.0,-4.0,2018-03-22,3392.0,-0.0010949999999999998,5384.0
188,JD,2018-03-26,3461.0,-4.0,2018-03-26,3399.0,-0.0010758105263157893,5537.6
189,JD,2018-03-27,3400.0,-4.0,2018-03-27,3411.0,-0.0010562184873949578,5440.0
190,JD,2018-03-28,3397.0,-4.0,2018-03-28,3367.0,-0.0010472117400419285,5435.200000000001
191,JD,2018-03-29,3350.0,-4.0,2018-03-29,3209.0,-0.0010634937238493721,5360.0
192,JD,2018-04-02,3310.0,-4.0,2018-04-02,3333.0,-0.001149144050104384,5296.0
193,JD,2018-04-03,3317.0,-4.0,2018-04-03,3327.0,-0.0010709583333333333,5307.200000000001
194,JD,2018-04-10,4030.0,-3.0,2018-04-10,4013.0,-0.0010624740124740124,4836.0
195,JD,2018-04-11,4002.0,-3.0,2018-04-11,4044.0,-0.001032676348547718,4802.4
196,JD,2018-04-12,4050.0,-3.0,2018-04-12,4050.0,-0.0010088198757763976,4860.0
197,JD,2018-04-16,4099.0,-3.0,2018-04-16,4074.0,-0.0010067355371900827,4918.8
198,JD,2018-04-17,4089.0,-3.0,2018-04-17,4092.0,-0.0009883711340206186,4906.8
199,JD,2018-04-18,4090.0,-3.0,2018-04-18,4047.0,-0.000984835390946502,4908.0
200,JD,2018-04-19,4043.0,-3.0,2018-04-19,4013.0,-0.001004394250513347,4851.599999999999
201,JD,2018-04-23,4017.0,-3.0,2018-04-23,4044.0,-0.0010175409836065575,4820.4
202,JD,2018-04-24,4030.0,-3.0,2018-04-24,3960.0,-0.0010164826175869121,4836.0
203,JD,2018-04-25,3961.0,-4.0,2018-04-25,3953.0,-0.001049857142857143,6337.6
204,JD,2018-04-26,3940.0,-4.0,2018-04-26,3965.0,-0.0010518329938900206,6304.0
205,JD,2018-05-02,4011.0,-3.0,2018-05-02,4120.0,-0.001036788617886179,4813.2
206,JD,2018-05-03,4130.0,-3.0,2018-05-03,4105.0,-0.0010208924949290062,4956.0
207,JD,2018-05-07,4065.0,-3.0,2018-05-07,4119.0,-0.001031072874493927,4878.0
208,JD,2018-05-08,4109.0,-3.0,2018-05-08,4102.0,-0.0010324444444444446,4930.8
209,JD,2018-05-09,4102.0,-3.0,2018-05-09,4088.0,-0.0010337903225806448,4922.4
210,JD,2018-05-10,4105.0,-3.0,2018-05-10,4135.0,-0.0010385714285714284,4926.0
211,JD,2018-05-14,4118.0,-3.0,2018-05-14,4110.0,-0.0010218072289156625,4941.599999999999
212,JD,2018-05-15,4110.0,-3.0,2018-05-15,4021.0,-0.0010299198396793584,4932.0
213,JD,2018-05-16,4010.0,-3.0,2018-05-16,4023.0,-0.0010711599999999998,4812.0
214,JD,2018-05-17,3996.0,-4.0,2018-05-17,4004.0,-0.0010625548902195607,6393.6
215,JD,2018-05-21,4118.0,-3.0,2018-05-21,4143.0,-0.001056454183266932,4941.599999999999
216,JD,2018-05-22,4156.0,-3.0,2018-05-22,4129.0,-0.0009967196819085486,4987.2
217,JD,2018-05-23,4139.0,-3.0,2018-05-23,4102.0,-0.0010076388888888886,4966.8
218,JD,2018-05-24,4102.0,-3.0,2018-05-24,4113.0,-0.001023346534653465,4922.4
219,JD,2018-05-28,4100.0,-3.0,2018-05-28,4158.0,-0.0010160276679841897,4920.0
220,JD,2018-05-29,4165.0,-3.0,2018-05-29,4150.0,-0.0010327218934911243,4998.0
221,JD,2018-05-30,4155.0,-3.0,2018-05-30,4128.0,-0.001037775590551181,4986.0
222,JD,2018-05-31,4138.0,-3.0,2018-05-31,4125.0,-0.0010485068762278978,4965.599999999999
223,JD,2018-06-04,4110.0,-3.0,2018-06-04,4098.0,-0.0010526078431372548,4932.0
224,JD,2018-06-05,4094.0,-3.0,2018-06-05,4109.0,-0.0010557729941291583,4912.8
225,JD,2018-06-06,4114.0,-3.0,2018-06-06,4111.0,-0.0010465624999999997,4936.8
226,JD,2018-06-07,4115.0,-3.0,2018-06-07,4141.0,-0.0010459454191033136,4938.0
227,JD,2018-06-11,4052.0,-3.0,2018-06-11,4063.0,-0.0010316147859922176,4862.4
228,JD,2018-06-12,4066.0,-3.0,2018-06-12,4073.0,-0.0010634563106796115,4879.2
229,JD,2018-06-13,4073.0,-3.0,2018-06-13,4125.0,-0.0010580620155038758,4887.599999999999
230,JD,2018-06-14,4125.0,-3.0,2018-06-14,4118.0,-0.0010313152804642166,4950.0
231,JD,2018-06-19,4158.0,-3.0,2018-06-19,4186.0,-0.0010326061776061773,4989.599999999999
232,JD,2018-06-20,4190.0,-3.0,2018-06-20,4235.0,-0.0010264161849710982,5028.0
233,JD,2018-06-21,4249.0,-3.0,2018-06-21,4203.0,-0.0010037884615384613,5098.8
234,JD,2018-06-25,4180.0,-3.0,2018-06-25,4220.0,-0.001022648752399232,5016.0
235,JD,2018-06-26,4200.0,-3.0,2018-06-26,4199.0,-0.0010270689655172411,5040.0
236,JD,2018-06-27,4201.0,-3.0,2018-06-27,4190.0,-0.0010255640535372847,5041.2
237,JD,2018-06-28,4195.0,-3.0,2018-06-28,4182.0,-0.0010286068702290074,5034.0
238,JD,2018-07-02,4202.0,-3.0,2018-07-02,4162.0,-0.001032552380952381,5042.4
239,JD,2018-07-03,4166.0,-3.0,2018-07-03,4152.0,-0.0010078517110266158,4999.2
240,JD,2018-07-04,4152.0,-3.0,2018-07-04,4119.0,-0.0010123149905123339,4982.4
241,JD,2018-07-05,4119.0,-3.0,2018-07-05,4130.0,-0.0010254545454545453,4942.8
242,JD,2018-07-09,4136.0,-3.0,2018-07-09,4182.0,-0.001018468809073724,4963.2
243,JD,2018-07-10,4182.0,-3.0,2018-07-10,4197.0,-0.0010197358490566036,5018.4
244,JD,2018-07-11,4202.0,-3.0,2018-07-11,4140.0,-0.0010110546139359697,5042.4
245,JD,2018-07-12,4138.0,-3.0,2018-07-12,4134.0,-0.0010368796992481202,4965.599999999999
246,JD,2018-07-16,4175.0,-3.0,2018-07-16,4182.0,-0.0010367542213883675,5010.0
247,JD,2018-07-17,4190.0,-3.0,2018-07-17,4144.0,-0.0010325468164794007,5028.0
248,JD,2018-07-18,4148.0,-3.0,2018-07-18,4143.0,-0.0010511401869158878,4977.599999999999
249,JD,2018-07-19,4143.0,-3.0,2018-07-19,4147.0,-0.001051436567164179,4971.599999999999
250,JD,2018-07-23,4139.0,-3.0,2018-07-23,4077.0,-0.0010476722532588455,4966.8
251,JD,2018-07-24,4070.0,-3.0,2018-07-24,4032.0,-0.0010542379182156133,4884.0
252,JD,2018-07-25,4044.0,-3.0,2018-07-25,4056.0,-0.0010696103896103894,4852.8
253,JD,2018-07-26,4068.0,-3.0,2018-07-26,4133.0,-0.0010621296296296297,4881.599999999999
254,JD,2018-07-30,4085.0,-3.0,2018-07-30,4089.0,-0.0010306284658040663,4902.0
255,JD,2018-07-31,4083.0,-3.0,2018-07-31,4084.0,-0.0010558856088560885,4899.599999999999
256,JD,2018-08-01,4066.0,-3.0,2018-08-01,4078.0,-0.0010534990791896868,4879.2
257,JD,2018-08-02,4081.0,-3.0,2018-08-02,4114.0,-0.0010461397058823528,4897.2
258,JD,2018-08-07,3777.0,-4.0,2018-08-07,3767.0,-0.001029376146788991,6043.200000000001
259,JD,2018-08-08,3765.0,-4.0,2018-08-08,3868.0,-0.0009928754578754579,6024.0
260,JD,2018-08-09,3870.0,-4.0,2018-08-09,3911.0,-0.0009410420475319926,6192.0
261,JD,2018-08-21,3890.0,-4.0,2018-08-21,3883.0,-0.0009199999999999999,6224.0
262,JD,2018-08-22,3892.0,-4.0,2018-08-22,3871.0,-0.0009266848816029143,6227.200000000001
263,JD,2018-08-23,3870.0,-4.0,2018-08-23,3862.0,-0.0009348181818181818,6192.0
264,JD,2018-08-27,3818.0,-4.0,2018-08-27,3830.0,-0.000936878402903811,6108.8
265,JD,2018-08-28,3830.0,-4.0,2018-08-28,3889.0,-0.0009525181159420289,6128.0
266,JD,2018-08-29,3880.0,-4.0,2018-08-29,3880.0,-0.0009229475587703434,6208.0
267,JD,2018-08-30,3868.0,-4.0,2018-08-30,3844.0,-0.0009212815884476533,6188.8
268,JD,2018-09-03,3836.0,-4.0,2018-09-03,3810.0,-0.0009307927927927926,6137.6
269,JD,2018-09-04,3810.0,-4.0,2018-09-04,3817.0,-0.0009328597122302157,6096.0
270,JD,2018-09-05,3817.0,-4.0,2018-09-05,3820.0,-0.0009278815080789944,6107.200000000001
271,JD,2018-09-06,3831.0,-4.0,2018-09-06,3840.0,-0.0009248028673835124,6129.6
272,JD,2018-09-10,3850.0,-4.0,2018-09-10,3865.0,-0.0009189445438282647,6160.0
273,JD,2018-09-11,3858.0,-4.0,2018-09-11,3821.0,-0.0009242678571428569,6172.8
274,JD,2018-09-12,3815.0,-4.0,2018-09-12,3841.0,-0.0009397147950089127,6104.0
275,JD,2018-09-13,3830.0,-4.0,2018-09-13,3854.0,-0.0009259074733096084,6128.0
276,JD,2018-09-17,3940.0,-4.0,2018-09-17,3949.0,-0.0009131261101243338,6304.0
277,JD,2018-09-18,3955.0,-4.0,2018-09-18,3933.0,-0.0008880851063829785,6328.0
278,JD,2018-09-19,3945.0,-4.0,2018-09-19,3957.0,-0.0008963539823008847,6312.0
279,JD,2018-09-20,3975.0,-4.0,2018-09-20,3909.0,-0.000889399293286219,6360.0
280,JD,2018-09-25,3880.0,-4.0,2018-09-25,3906.0,-0.0009171075837742503,6208.0
281,JD,2018-09-26,3906.0,-4.0,2018-09-26,3927.0,-0.000915950704225352,6249.6
282,JD,2018-09-27,3926.0,-4.0,2018-09-27,3931.0,-0.0009048857644991213,6281.6
283,JD,2018-10-08,3956.0,-4.0,2018-10-08,4008.0,-0.0009010701754385963,6329.6
284,JD,2018-10-09,4016.0,-3.0,2018-10-09,4073.0,-0.0008896672504378284,4819.2
285,JD,2018-10-10,4093.0,-3.0,2018-10-10,4133.0,-0.0008633041958041957,4911.599999999999
286,JD,2018-10-11,4086.0,-3.0,2018-10-11,4144.0,-0.0008447469458987783,4903.2
287,JD,2018-10-22,4268.0,-3.0,2018-10-22,4236.0,-0.000818554006968641,5121.599999999999
288,JD,2018-10-23,4236.0,-3.0,2018-10-23,4242.0,-0.0008116695652173912,5083.2
289,JD,2018-10-24,4219.0,-3.0,2018-10-24,4183.0,-0.0008077951388888887,5062.8
290,JD,2018-10-25,4198.0,-3.0,2018-10-25,4208.0,-0.0008211785095320624,5037.599999999999
291,JD,2018-10-29,4334.0,-3.0,2018-10-29,4317.0,-0.0008156401384083044,5200.8
292,JD,2018-10-30,4320.0,-3.0,2018-10-30,4339.0,-0.0007579620034542313,5184.0
293,JD,2018-10-31,4342.0,-3.0,2018-10-31,4301.0,-0.0007490689655172413,5210.4
294,JD,2018-11-01,4300.0,-3.0,2018-11-01,4293.0,-0.0007640275387263339,5160.0
295,JD,2018-11-05,4300.0,-3.0,2018-11-05,4216.0,-0.0007655154639175256,5160.0
296,JD,2018-11-06,4235.0,-3.0,2018-11-06,4239.0,-0.0007420068610634647,5082.0
297,JD,2018-11-07,4220.0,-3.0,2018-11-07,4270.0,-0.000739126712328767,5064.0
298,JD,2018-11-08,4260.0,-3.0,2018-11-08,4289.0,-0.0007176068376068375,5112.0
299,JD,2018-11-12,4313.0,-3.0,2018-11-12,4244.0,-0.0007047610921501706,5175.599999999999
300,JD,2018-11-13,4238.0,-3.0,2018-11-13,4251.0,-0.0006924531516183985,5085.599999999999
301,JD,2018-11-14,4255.0,-3.0,2018-11-14,4345.0,-0.0006860544217687075,5106.0
302,JD,2018-11-15,4340.0,-3.0,2018-11-15,4323.0,-0.000648981324278438,5208.0
303,JD,2018-11-19,4301.0,-3.0,2018-11-19,4310.0,-0.0006545254237288135,5161.2
304,JD,2018-11-20,4305.0,-3.0,2018-11-20,4372.0,-0.0006522504230118442,5166.0
305,JD,2018-11-21,4332.0,-3.0,2018-11-21,4248.0,-0.0006248648648648648,5198.4
306,JD,2018-11-22,4230.0,-3.0,2018-11-22,4254.0,-0.0006565092748735243,5076.0
307,JD,2018-11-26,4238.0,-3.0,2018-11-26,4166.0,-0.0006458585858585857,5085.599999999999
308,JD,2018-11-27,4180.0,-3.0,2018-11-27,4155.0,-0.0006451764705882351,5016.0
309,JD,2018-11-28,4130.0,-3.0,2018-11-28,4116.0,-0.0006541275167785234,4956.0
310,JD,2018-11-29,4118.0,-3.0,2018-11-29,4071.0,-0.0006587102177554437,4941.599999999999
311,JD,2018-12-03,4145.0,-3.0,2018-12-03,4168.0,-0.0006766889632107022,4974.0
312,JD,2018-12-04,4163.0,-3.0,2018-12-04,4159.0,-0.0006281469115191986,4995.599999999999
313,JD,2018-12-05,4156.0,-3.0,2018-12-05,4200.0,-0.0006286999999999999,4987.2
314,JD,2018-12-10,3483.0,-4.0,2018-12-10,3469.0,-0.0006100332778702163,5572.8
315,JD,2018-12-11,3444.0,-4.0,2018-12-11,3511.0,-0.0006173089700996677,5510.400000000001
316,JD,2018-12-12,3515.0,-4.0,2018-12-12,3529.0,-0.0005840298507462686,5624.0
317,JD,2018-12-13,3521.0,-4.0,2018-12-13,3527.0,-0.0005764735099337748,5633.6
318,JD,2018-12-17,3471.0,-4.0,2018-12-17,3490.0,-0.0005727107438016528,5553.6
319,JD,2018-12-18,3497.0,-4.0,2018-12-18,3488.0,-0.0006016171617161714,5595.200000000001
320,JD,2018-12-19,3483.0,-4.0,2018-12-19,3476.0,-0.0006048599670510707,5572.8
321,JD,2018-12-20,3479.0,-4.0,2018-12-20,3484.0,-0.0006071710526315789,5566.400000000001
322,JD,2018-12-24,3467.0,-4.0,2018-12-24,3495.0,-0.0006038095238095237,5547.200000000001
323,JD,2018-12-25,3488.0,-4.0,2018-12-25,3498.0,-0.0006093934426229507,5580.8
324,JD,2018-12-26,3505.0,-4.0,2018-12-26,3464.0,-0.0006036988543371522,5608.0
325,JD,2018-12-27,3466.0,-4.0,2018-12-27,3473.0,-0.0006218300653594769,5545.6
326,JD,2019-01-02,3460.0,-4.0,2019-01-02,3404.0,-0.0006175203915171288,5536.0
327,JD,2019-01-03,3412.0,-4.0,2019-01-03,3393.0,-0.0006151140065146578,5459.200000000001
328,JD,2019-01-07,3445.0,-4.0,2019-01-07,3498.0,-0.000623170731707317,5512.0
329,JD,2019-01-08,3509.0,-4.0,2019-01-08,3503.0,-0.0006073376623376623,5614.400000000001
330,JD,2019-01-09,3503.0,-4.0,2019-01-09,3504.0,-0.000609124797406807,5604.8
331,JD,2019-01-10,3512.0,-4.0,2019-01-10,3520.0,-0.0006076699029126212,5619.200000000001
332,JD,2019-01-14,3507.0,-4.0,2019-01-14,3434.0,-0.0006030048465266558,5611.200000000001
333,JD,2019-01-15,3440.0,-4.0,2019-01-15,3431.0,-0.0006084677419354838,5504.0
334,JD,2019-01-16,3427.0,-4.0,2019-01-16,3423.0,-0.0006117069243156199,5483.200000000001
335,JD,2019-01-17,3423.0,-4.0,2019-01-17,3431.0,-0.0006126045016077169,5476.8
336,JD,2019-01-21,3408.0,-4.0,2019-01-21,3448.0,-0.0006078651685393257,5452.8
337,JD,2019-01-22,3448.0,-4.0,2019-01-22,3356.0,-0.0006199519230769229,5516.8
338,JD,2019-01-23,3356.0,-4.0,2019-01-23,3355.0,-0.0006616479999999998,5369.6
339,JD,2019-01-24,3351.0,-4.0,2019-01-24,3368.0,-0.000661070287539936,5361.6
340,JD,2019-01-28,3350.0,-4.0,2019-01-28,3349.0,-0.0006519298245614033,5360.0
341,JD,2019-01-29,3345.0,-4.0,2019-01-29,3360.0,-0.0006598885350318469,5352.0
342,JD,2019-01-30,3353.0,-4.0,2019-01-30,3349.0,-0.0006517170111287756,5364.8
343,JD,2019-01-31,3350.0,-4.0,2019-01-31,3322.0,-0.0006525714285714284,5360.0
344,JD,2019-02-11,3290.0,-4.0,2019-02-11,3372.0,-0.0006647860538827256,5264.0
345,JD,2019-02-12,3363.0,-4.0,2019-02-12,3357.0,-0.000658022151898734,5380.8
346,JD,2019-02-13,3350.0,-4.0,2019-02-13,3361.0,-0.0006597946287519745,5360.0
347,JD,2019-02-14,3363.0,-4.0,2019-02-14,3373.0,-0.0006535804416403784,5380.8
348,JD,2019-02-18,3415.0,-4.0,2019-02-18,3393.0,-0.0006478740157480313,5464.0
349,JD,2019-02-19,3400.0,-4.0,2019-02-19,3375.0,-0.0006300943396226413,5440.0
350,JD,2019-02-20,3374.0,-4.0,2019-02-20,3352.0,-0.0006406436420722133,5398.400000000001
351,JD,2019-02-21,3352.0,-4.0,2019-02-21,3390.0,-0.0006498589341692788,5363.200000000001
352,JD,2019-02-25,3375.0,-4.0,2019-02-25,3372.0,-0.0006310954616588418,5400.0
353,JD,2019-02-26,3378.0,-4.0,2019-02-26,3329.0,-0.000632875,5404.8
354,JD,2019-02-27,3329.0,-4.0,2019-02-27,3336.0,-0.0006545241809672387,5326.400000000001
355,JD,2019-02-28,3344.0,-4.0,2019-02-28,3380.0,-0.0006502336448598131,5350.400000000001
356,JD,2019-03-04,3362.0,-4.0,2019-03-04,3390.0,-0.0006324727838258165,5379.200000000001
357,JD,2019-03-05,3400.0,-4.0,2019-03-05,3410.0,-0.0006411180124223602,5440.0
358,JD,2019-03-06,3419.0,-4.0,2019-03-06,3465.0,-0.0006355658914728682,5470.400000000001
359,JD,2019-03-07,3460.0,-4.0,2019-03-07,3444.0,-0.0006137616099071208,5536.0
360,JD,2019-03-11,3462.0,-4.0,2019-03-11,3474.0,-0.0006199536321483771,5539.200000000001
361,JD,2019-03-12,3489.0,-4.0,2019-03-12,3488.0,-0.0006243827160493827,5582.400000000001
362,JD,2019-03-13,3490.0,-4.0,2019-03-13,3461.0,-0.0006238674884437596,5584.0
363,JD,2019-03-14,3467.0,-4.0,2019-03-14,3469.0,-0.0006356923076923077,5547.200000000001
364,JD,2019-03-18,3516.0,-4.0,2019-03-18,3547.0,-0.0006338248847926267,5625.6
365,JD,2019-03-19,3540.0,-4.0,2019-03-19,3504.0,-0.0006230981595092024,5664.0
366,JD,2019-03-20,3493.0,-4.0,2019-03-20,3493.0,-0.0006377182235834609,5588.8
367,JD,2019-03-21,3498.0,-4.0,2019-03-21,3507.0,-0.000636743119266055,5596.8
368,JD,2019-03-25,3490.0,-4.0,2019-03-25,3505.0,-0.0006318473282442748,5584.0
369,JD,2019-03-26,3510.0,-4.0,2019-03-26,3438.0,-0.0006412957317073169,5616.0
370,JD,2019-03-27,3442.0,-4.0,2019-03-27,3453.0,-0.0006715372907153728,5507.200000000001
371,JD,2019-03-28,3461.0,-4.0,2019-03-28,3461.0,-0.0006656534954407294,5537.6
372,JD,2019-04-01,3421.0,-4.0,2019-04-01,3482.0,-0.0006646433990895295,5473.6
373,JD,2019-04-02,3475.0,-4.0,2019-04-02,3465.0,-0.0006824393939393939,5560.0
374,JD,2019-04-08,4230.0,-3.0,2019-04-08,4219.0,-0.0006857639939485626,5076.0
375,JD,2019-04-09,4224.0,-3.0,2019-04-09,4218.0,-0.0006808006042296072,5068.8
376,JD,2019-04-10,4212.0,-3.0,2019-04-10,4227.0,-0.000681915535444947,5054.4
377,JD,2019-04-11,4235.0,-3.0,2019-04-11,4225.0,-0.0006755271084337347,5082.0
378,JD,2019-04-15,4284.0,-3.0,2019-04-15,4255.0,-0.0006780601503759398,5140.8
379,JD,2019-04-16,4255.0,-3.0,2019-04-16,4237.0,-0.0006645795795795794,5106.0
380,JD,2019-04-17,4231.0,-3.0,2019-04-17,4235.0,-0.0006699250374812592,5077.2
381,JD,2019-04-18,4232.0,-3.0,2019-04-18,4264.0,-0.0006674999999999998,5078.4
382,JD,2019-04-22,4308.0,-3.0,2019-04-22,4255.0,-0.0006552017937219729,5169.599999999999
383,JD,2019-04-23,4260.0,-3.0,2019-04-23,4292.0,-0.0006444328358208954,5112.0
384,JD,2019-04-24,4290.0,-3.0,2019-04-24,4276.0,-0.0006322801788375557,5148.0
385,JD,2019-04-25,4295.0,-3.0,2019-04-25,4270.0,-0.000636190476190476,5154.0
386,JD,2019-04-29,4230.0,-3.0,2019-04-29,4211.0,-0.0006438930163447248,5076.0
387,JD,2019-04-30,4208.0,-3.0,2019-04-30,4303.0,-0.000651988130563798,5049.599999999999
388,JD,2019-05-06,4308.0,-3.0,2019-05-06,4328.0,-0.0006175703703703702,5169.599999999999
389,JD,2019-05-07,4320.0,-3.0,2019-05-07,4358.0,-0.0006097928994082838,5184.0
390,JD,2019-05-08,4366.0,-3.0,2019-05-08,4350.0,-0.0005958936484490397,5239.2
391,JD,2019-05-09,4370.0,-3.0,2019-05-09,4354.0,-0.0006004129793510323,5244.0
392,JD,2019-05-13,4329.0,-3.0,2019-05-13,4352.0,-0.0006049189985272458,5194.8
393,JD,2019-05-14,4344.0,-3.0,2019-05-14,4363.0,-0.0006084264705882351,5212.8
394,JD,2019-05-15,4380.0,-3.0,2019-05-15,4374.0,-0.0006011160058737149,5256.0
395,JD,2019-05-16,4376.0,-3.0,2019-05-16,4400.0,-0.0006022434017595306,5251.2
396,JD,2019-05-20,4345.0,-3.0,2019-05-20,4303.0,-0.000593338213762811,5214.0
397,JD,2019-05-21,4310.0,-3.0,2019-05-21,4348.0,-0.0006107309941520466,5172.0
398,JD,2019-05-22,4337.0,-3.0,2019-05-22,4320.0,-0.0005969635036496349,5204.4
399,JD,2019-05-23,4319.0,-3.0,2019-05-23,4311.0,-0.000601807580174927,5182.8
400,JD,2019-05-27,4372.0,-3.0,2019-05-27,4372.0,-0.0006036244541484714,5246.4
401,JD,2019-05-28,4365.0,-3.0,2019-05-28,4391.0,-0.0005761046511627906,5238.0
402,JD,2019-05-29,4400.0,-3.0,2019-05-29,4458.0,-0.0005666182873730043,5280.0
403,JD,2019-05-30,4436.0,-3.0,2019-05-30,4435.0,-0.000546695652173913,5323.2
404,JD,2019-06-03,4502.0,-3.0,2019-06-03,4511.0,-0.0005462373371924746,5402.4
405,JD,2019-06-04,4511.0,-3.0,2019-06-04,4463.0,-0.0005321531791907514,5413.2
406,JD,2019-06-05,4460.0,-3.0,2019-06-05,4461.0,-0.0005467388167388166,5352.0
407,JD,2019-06-06,4445.0,-3.0,2019-06-06,4439.0,-0.0005456340057636887,5334.0
408,JD,2019-06-10,4447.0,-3.0,2019-06-10,4415.0,-0.0005467913669064747,5336.4
409,JD,2019-06-11,4430.0,-3.0,2019-06-11,4471.0,-0.0005563505747126437,5316.0
410,JD,2019-06-12,4468.0,-3.0,2019-06-12,4468.0,-0.0005422668579626972,5361.599999999999
411,JD,2019-06-13,4480.0,-3.0,2019-06-13,4526.0,-0.0005414899713467048,5376.0
412,JD,2019-06-17,4482.0,-3.0,2019-06-17,4497.0,-0.0005260228898426323,5378.4
413,JD,2019-06-18,4506.0,-3.0,2019-06-18,4453.0,-0.0005318857142857143,5407.2
414,JD,2019-06-19,4452.0,-3.0,2019-06-19,4488.0,-0.0005479029957203994,5342.4
415,JD,2019-06-20,4482.0,-3.0,2019-06-20,4525.0,-0.0005355982905982905,5378.4
416,JD,2019-06-24,4424.0,-3.0,2019-06-24,4338.0,-0.0005211948790896159,5308.8
417,JD,2019-06-25,4333.0,-3.0,2019-06-25,4325.0,-0.0005478267045454546,5199.599999999999
418,JD,2019-06-26,4335.0,-3.0,2019-06-26,4359.0,-0.0005496737588652483,5202.0
419,JD,2019-06-27,4360.0,-3.0,2019-06-27,4309.0,-0.0005410481586402266,5232.0
420,JD,2019-07-01,4385.0,-3.0,2019-07-01,4462.0,-0.0005568316831683169,5262.0
421,JD,2019-07-02,4453.0,-3.0,2019-07-02,4500.0,-0.0005341101694915255,5343.599999999999
422,JD,2019-07-03,4510.0,-3.0,2019-07-03,4491.0,-0.0005184767277856136,5412.0
423,JD,2019-07-04,4496.0,-3.0,2019-07-04,4502.0,-0.0005236760563380283,5395.2
424,JD,2019-07-08,4585.0,-3.0,2019-07-08,4591.0,-0.0005210689170182842,5502.0
425,JD,2019-07-09,4608.0,-3.0,2019-07-09,4688.0,-0.0005010252808988764,5529.599999999999
426,JD,2019-07-10,4681.0,-3.0,2019-07-10,4675.0,-0.00047597475455820476,5617.2
427,JD,2019-07-18,4690.0,-3.0,2019-07-18,4807.0,-0.00047710084033613444,5628.0
428,JD,2019-07-22,4760.0,-3.0,2019-07-22,4767.0,-0.00047941258741258745,5712.0
429,JD,2019-07-23,4746.0,-3.0,2019-07-23,4763.0,-0.00047146648044692744,5695.2
430,JD,2019-07-24,4772.0,-3.0,2019-07-24,4766.0,-0.00046581589958158995,5726.4
431,JD,2019-07-25,4781.0,-3.0,2019-07-25,4752.0,-0.0004669220055710307,5737.2
432,JD,2019-07-29,4440.0,-3.0,2019-07-29,4456.0,-0.0004747148817802504,5328.0
433,JD,2019-07-30,4462.0,-3.0,2019-07-30,4440.0,-0.0005167222222222223,5354.4
434,JD,2019-07-31,4460.0,-3.0,2019-07-31,4470.0,-0.0005228432732316228,5352.0
435,JD,2019-08-01,4481.0,-3.0,2019-08-01,4434.0,-0.0005190166204986151,5377.2
436,JD,2019-08-06,4193.0,-3.0,2019-08-06,4309.0,-0.0005328077455048411,5031.599999999999
437,JD,2019-08-07,4314.0,-3.0,2019-08-07,4271.0,-0.0005280248618784532,5176.8
438,JD,2019-08-08,4275.0,-3.0,2019-08-08,4154.0,-0.000541048275862069,5130.0
439,JD,2019-08-12,4160.0,-3.0,2019-08-12,4154.0,-0.000579283746556474,4992.0
440,JD,2019-08-13,4156.0,-3.0,2019-08-13,4171.0,-0.0005788170563961486,4987.2
441,JD,2019-08-14,4170.0,-3.0,2019-08-14,4162.0,-0.000573063186813187,5004.0
442,JD,2019-08-15,4167.0,-3.0,2019-08-15,4227.0,-0.0005749108367626886,5000.4
443,JD,2019-08-19,4266.0,-3.0,2019-08-19,4167.0,-0.0005543972602739726,5119.2
444,JD,2019-08-20,4155.0,-3.0,2019-08-20,4152.0,-0.0005523529411764707,4986.0
445,JD,2019-08-21,4147.0,-3.0,2019-08-21,4231.0,-0.0005525819672131147,4976.4
446,JD,2019-08-22,4235.0,-3.0,2019-08-22,4229.0,-0.0005241882673942701,5082.0
447,JD,2019-08-26,4400.0,-3.0,2019-08-26,4423.0,-0.0005254087193460491,5280.0
448,JD,2019-08-27,4423.0,-3.0,2019-08-27,4369.0,-0.0004797551020408164,5307.599999999999
449,JD,2019-08-28,4341.0,-3.0,2019-08-28,4368.0,-0.0004956929347826087,5209.2
450,JD,2019-08-29,4350.0,-3.0,2019-08-29,4365.0,-0.00048658073270013566,5220.0
451,JD,2019-09-02,4420.0,-3.0,2019-09-02,4415.0,-0.00048124661246612454,5304.0
452,JD,2019-09-03,4425.0,-3.0,2019-09-03,4478.0,-0.00046504736129905264,5310.0
453,JD,2019-09-04,4471.0,-3.0,2019-09-04,4459.0,-0.0004482297297297296,5365.2
454,JD,2019-09-05,4480.0,-3.0,2019-09-05,4467.0,-0.0004512415654520917,5376.0
455,JD,2019-09-09,4382.0,-3.0,2019-09-09,4387.0,-0.0004545417789757412,5258.4
456,JD,2019-09-10,4387.0,-3.0,2019-09-10,4369.0,-0.0004816016150740242,5264.4
457,JD,2019-09-11,4369.0,-3.0,2019-09-11,4377.0,-0.0004864650537634408,5242.8
458,JD,2019-09-12,4379.0,-3.0,2019-09-12,4439.0,-0.0004833557046979865,5254.8
459,JD,2019-09-16,4491.0,-3.0,2019-09-16,4592.0,-0.0004643431635388739,5389.2
460,JD,2019-09-17,4626.0,-3.0,2019-09-17,4580.0,-0.0004336144578313252,5551.2
461,JD,2019-09-18,4580.0,-3.0,2019-09-18,4551.0,-0.0004463235294117647,5496.0
462,JD,2019-09-19,4550.0,-3.0,2019-09-19,4568.0,-0.0004541789052069425,5460.0
463,JD,2019-09-23,4531.0,-3.0,2019-09-23,4476.0,-0.00044829333333333327,5437.2
464,JD,2019-09-24,4470.0,-3.0,2019-09-24,4475.0,-0.00045263648468708384,5364.0
465,JD,2019-09-25,4467.0,-3.0,2019-09-25,4402.0,-0.00045054521276595736,5360.4
466,JD,2019-09-26,4406.0,-3.0,2019-09-26,4415.0,-0.0004692695883134129,5287.2
467,JD,2019-09-30,4380.0,-3.0,2019-09-30,4346.0,-0.000465941644562334,5256.0
468,JD,2019-10-08,4400.0,-3.0,2019-10-08,4443.0,-0.0004560132450331124,5280.0
469,JD,2019-10-09,4457.0,-3.0,2019-10-09,4410.0,-0.0004424867724867724,5348.4
470,JD,2019-10-10,4410.0,-3.0,2019-10-10,4480.0,-0.0004558388375165124,5292.0
471,JD,2019-10-14,4494.0,-3.0,2019-10-14,4464.0,-0.00043430079155672814,5392.8
472,JD,2019-10-15,4469.0,-3.0,2019-10-15,4497.0,-0.0004343214756258233,5362.8
473,JD,2019-10-16,4507.0,-3.0,2019-10-16,4489.0,-0.0004254999999999999,5408.4
474,JD,2019-10-17,4470.0,-3.0,2019-10-17,4493.0,-0.00043018396846254914,5364.0
475,JD,2019-10-21,4600.0,-3.0,2019-10-21,4721.0,-0.00042286089238845133,5520.0
476,JD,2019-10-22,4765.0,-3.0,2019-10-22,4711.0,-0.0004231847968545215,5718.0
477,JD,2019-10-23,4703.0,-3.0,2019-10-23,4681.0,-0.0004374607329842931,5643.599999999999
478,JD,2019-10-24,4681.0,-3.0,2019-10-24,4693.0,-0.00044300653594771223,5617.2
479,JD,2019-10-28,4838.0,-3.0,2019-10-28,4880.0,-0.0004390861618798954,5805.599999999999
480,JD,2019-10-29,4862.0,-3.0,2019-10-29,4869.0,-0.000414889178617992,5834.4
481,JD,2019-10-30,4864.0,-3.0,2019-10-30,4845.0,-0.00041247395833333327,5836.8
482,JD,2019-10-31,4820.0,-3.0,2019-10-31,4758.0,-0.00041702210663198955,5784.0
483,JD,2019-11-04,4880.0,-3.0,2019-11-04,4786.0,-0.0004331818181818181,5856.0
484,JD,2019-11-05,4780.0,-3.0,2019-11-05,4764.0,-0.0003921400778210116,5736.0
485,JD,2019-11-06,4765.0,-3.0,2019-11-06,4711.0,-0.0003959715025906735,5718.0
486,JD,2019-11-07,4721.0,-3.0,2019-11-07,4738.0,-0.00041011642949547215,5665.2
487,JD,2019-11-11,4685.0,-3.0,2019-11-11,4561.0,-0.00040493540051679577,5622.0
488,JD,2019-11-12,4550.0,-3.0,2019-11-12,4571.0,-0.00040495483870967735,5460.0
489,JD,2019-11-13,4570.0,-3.0,2019-11-13,4530.0,-0.0003984793814432989,5484.0
490,JD,2019-11-14,4510.0,-3.0,2019-11-14,4550.0,-0.0004092277992277992,5412.0
491,JD,2019-11-18,4311.0,-3.0,2019-11-18,4422.0,-0.0003973007712082262,5173.2
492,JD,2019-11-19,4440.0,-3.0,2019-11-19,4414.0,-0.00040477535301668805,5328.0
493,JD,2019-11-20,4406.0,-3.0,2019-11-20,4365.0,-0.00041176923076923075,5287.2
494,JD,2019-11-21,4330.0,-3.0,2019-11-21,4307.0,-0.0004231626120358514,5196.0
495,JD,2019-11-25,4335.0,-3.0,2019-11-25,4344.0,-0.0004294117647058823,5202.0
496,JD,2019-11-26,4353.0,-3.0,2019-11-26,4401.0,-0.00041701149425287356,5223.599999999999
497,JD,2019-11-27,4435.0,-3.0,2019-11-27,4322.0,-0.00040241071428571436,5322.0
498,JD,2019-11-28,4328.0,-3.0,2019-11-28,4332.0,-0.0004343566878980892,5193.599999999999
499,JD,2019-12-03,4182.0,-3.0,2019-12-03,4148.0,-0.0004326335877862596,5018.4
500,JD,2019-12-04,4148.0,-3.0,2019-12-04,4148.0,-0.0004303176620076239,4977.599999999999
501,JD,2019-12-05,4140.0,-3.0,2019-12-05,4124.0,-0.0004297715736040609,4968.0
502,JD,2019-12-09,4120.0,-3.0,2019-12-09,3938.0,-0.0004341191381495565,4944.0
503,JD,2019-12-10,3928.0,-4.0,2019-12-10,3872.0,-0.0004311139240506329,6284.8
504,JD,2019-12-11,3876.0,-4.0,2019-12-11,3867.0,-0.00044859671302149184,6201.6
505,JD,2019-12-12,3871.0,-4.0,2019-12-12,3867.0,-0.000450959595959596,6193.6
506,JD,2019-12-23,3733.0,-4.0,2019-12-23,3689.0,-0.00045168978562421186,5972.8
507,JD,2019-12-24,3691.0,-4.0,2019-12-24,3691.0,-0.000465831234256927,5905.6
508,JD,2019-12-25,3690.0,-4.0,2019-12-25,3671.0,-0.000465245283018868,5904.0
509,JD,2019-12-26,3665.0,-4.0,2019-12-26,3661.0,-0.0004711306532663317,5864.0
510,JD,2019-12-30,3560.0,-4.0,2019-12-30,3558.0,-0.00047190715181932256,5696.0
511,JD,2019-12-31,3571.0,-4.0,2019-12-31,3592.0,-0.0004966541353383459,5713.6
512,JD,2020-01-02,3615.0,-4.0,2020-01-02,3553.0,-0.0004886733416770965,5784.0
513,JD,2020-01-06,3533.0,-4.0,2020-01-06,3484.0,-0.0005095,5652.8
514,JD,2020-01-07,3490.0,-4.0,2020-01-07,3537.0,-0.0005246816479400749,5584.0
515,JD,2020-01-08,3520.0,-4.0,2020-01-08,3515.0,-0.0005072319201995011,5632.0
516,JD,2020-01-09,3490.0,-4.0,2020-01-09,3412.0,-0.0005083686176836861,5584.0
517,JD,2020-01-13,3405.0,-4.0,2020-01-13,3430.0,-0.0005355348258706467,5448.0
518,JD,2020-01-14,3440.0,-4.0,2020-01-14,3415.0,-0.0005356024844720496,5504.0
519,JD,2020-01-15,3400.0,-4.0,2020-01-15,3428.0,-0.0005439578163771712,5440.0
520,JD,2020-01-16,3430.0,-4.0,2020-01-16,3500.0,-0.0005330731102850062,5488.0
521,JD,2020-01-20,3522.0,-4.0,2020-01-20,3579.0,-0.0005071534653465345,5635.200000000001
522,JD,2020-01-21,3578.0,-4.0,2020-01-21,3561.0,-0.0004998145859085291,5724.8
523,JD,2020-01-22,3505.0,-4.0,2020-01-22,3435.0,-0.0005050617283950617,5608.0
524,JD,2020-01-23,3414.0,-4.0,2020-01-23,3441.0,-0.0005290628853267571,5462.400000000001
525,JD,2020-03-02,3302.0,-4.0,2020-03-02,3461.0,-0.0005186699507389162,5283.200000000001
526,JD,2020-03-03,3491.0,-4.0,2020-03-03,3441.0,-0.0005180319803198032,5585.6
527,JD,2020-03-04,3456.0,-4.0,2020-03-04,3473.0,-0.000534987714987715,5529.6
528,JD,2020-03-05,3482.0,-4.0,2020-03-05,3440.0,-0.0005282944785276073,5571.200000000001
529,JD,2020-03-09,3350.0,-4.0,2020-03-09,3414.0,-0.0005424264705882354,5360.0
530,JD,2020-03-10,3435.0,-4.0,2020-03-10,3382.0,-0.0005457160342717259,5496.0
531,JD,2020-03-11,3381.0,-4.0,2020-03-11,3281.0,-0.0005639119804400979,5409.6
532,JD,2020-03-12,3270.0,-4.0,2020-03-12,3215.0,-0.0005993406593406594,5232.0
533,JD,2020-03-16,3221.0,-4.0,2020-03-16,3205.0,-0.0006191219512195123,5153.6
534,JD,2020-03-17,3200.0,-5.0,2020-03-17,3205.0,-0.0006141778319123021,6400.0
535,JD,2020-03-18,3211.0,-4.0,2020-03-18,3092.0,-0.0006115328467153285,5137.6
536,JD,2020-03-19,3092.0,-5.0,2020-03-19,3098.0,-0.0006558201701093562,6184.0
537,JD,2020-03-23,2998.0,-5.0,2020-03-23,3036.0,-0.0006526699029126214,5996.0
538,JD,2020-03-24,3073.0,-5.0,2020-03-24,3041.0,-0.0006804363636363636,6146.0
539,JD,2020-03-25,3048.0,-5.0,2020-03-25,3019.0,-0.0006922154963680387,6096.0
540,JD,2020-03-26,2973.0,-5.0,2020-03-26,3055.0,-0.0007028778718258767,5946.0
541,JD,2020-03-30,3017.0,-5.0,2020-03-30,2993.0,-0.000668719806763285,6034.0
542,JD,2020-03-31,3011.0,-5.0,2020-03-31,3033.0,-0.0006892641737032569,6022.0
543,JD,2020-04-01,3048.0,-5.0,2020-04-01,3040.0,-0.0006796265060240963,6096.0
544,JD,2020-04-02,3044.0,-5.0,2020-04-02,3059.0,-0.0006819614921780988,6088.0
545,JD,2020-04-07,3201.0,-4.0,2020-04-07,3269.0,-0.0006752163461538461,5121.6
546,JD,2020-04-08,3268.0,-4.0,2020-04-08,3232.0,-0.0006567947178871548,5228.8
547,JD,2020-04-13,3480.0,-4.0,2020-04-13,3336.0,-0.000669220623501199,5568.0
548,JD,2020-04-14,3349.0,-4.0,2020-04-14,3300.0,-0.000644874251497006,5358.400000000001
549,JD,2020-04-15,3292.0,-4.0,2020-04-15,3381.0,-0.000661602870813397,5267.200000000001
550,JD,2020-04-16,3378.0,-4.0,2020-04-16,3313.0,-0.0006285065710872162,5404.8
551,JD,2020-04-20,3362.0,-4.0,2020-04-20,3239.0,-0.0006507159904534606,5379.200000000001
552,JD,2020-04-21,3232.0,-4.0,2020-04-21,3231.0,-0.0006266030989272944,5171.200000000001
553,JD,2020-04-22,3201.0,-4.0,2020-04-22,3147.0,-0.0006262261904761905,5121.6
554,JD,2020-04-23,3113.0,-5.0,2020-04-23,3189.0,-0.0006455410225921521,6226.0
555,JD,2020-04-27,3178.0,-5.0,2020-04-27,3125.0,-0.0006157838479809976,6356.0
556,JD,2020-04-28,3090.0,-5.0,2020-04-28,3097.0,-0.0006067734282325029,6180.0
557,JD,2020-04-29,3080.0,-5.0,2020-04-29,3091.0,-0.0006033649289099525,6160.0
558,JD,2020-04-30,3065.0,-5.0,2020-04-30,3151.0,-0.0005984260355029585,6130.0
559,JD,2020-05-06,2990.0,-5.0,2020-05-06,2985.0,-0.0005645508274231678,5980.0
560,JD,2020-05-07,3000.0,-5.0,2020-05-07,2995.0,-0.0005658559622195985,6000.0
561,JD,2020-05-11,3020.0,-5.0,2020-05-11,2969.0,-0.0005671580188679246,6040.0
562,JD,2020-05-12,2940.0,-5.0,2020-05-12,2861.0,-0.0005806242638398116,5880.0
563,JD,2020-05-13,2850.0,-5.0,2020-05-13,2836.0,-0.0006115529411764707,5700.0
564,JD,2020-05-14,2822.0,-5.0,2020-05-14,2854.0,-0.0006166039952996475,5644.0
565,JD,2020-05-18,2808.0,-5.0,2020-05-18,2805.0,-0.0006025704225352113,5616.0
566,JD,2020-05-19,2819.0,-5.0,2020-05-19,2780.0,-0.0006088042203985933,5638.0
567,JD,2020-05-20,2762.0,-5.0,2020-05-20,2769.0,-0.0006242857142857144,5524.0
568,JD,2020-05-21,2800.0,-5.0,2020-05-21,2799.0,-0.0006205964912280702,5600.0
569,JD,2020-05-25,2785.0,-5.0,2020-05-25,2730.0,-0.0006202920560747664,5570.0
570,JD,2020-05-26,2730.0,-5.0,2020-05-26,2693.0,-0.0006195682613768962,5460.0
571,JD,2020-05-27,2694.0,-5.0,2020-05-27,2644.0,-0.0006346386946386946,5388.0
572,JD,2020-06-01,3249.0,-4.0,2020-06-01,3268.0,-0.0006555064027939465,5198.400000000001
573,JD,2020-06-02,3265.0,-4.0,2020-06-02,3171.0,-0.0006838023255813955,5224.0
574,JD,2020-06-03,3177.0,-5.0,2020-06-03,3162.0,-0.0007164459930313589,6354.0
575,JD,2020-06-04,3166.0,-5.0,2020-06-04,3123.0,-0.0007210904872389792,6332.0
576,JD,2020-06-08,3102.0,-5.0,2020-06-08,3024.0,-0.0007359907300115874,6204.0
577,JD,2020-06-09,3010.0,-5.0,2020-06-09,3012.0,-0.0007270138888888886,6020.0
578,JD,2020-06-10,2990.0,-5.0,2020-06-10,2904.0,-0.0007254104046242772,5980.0
579,JD,2020-06-11,2910.0,-5.0,2020-06-11,2892.0,-0.0007577829099307155,5820.0
580,JD,2020-06-22,3898.0,-4.0,2020-06-22,3861.0,-0.0007640484429065741,6236.8
581,JD,2020-06-23,3870.0,-4.0,2020-06-23,3919.0,-0.0007743663594470044,6192.0
582,JD,2020-06-24,3903.0,-4.0,2020-06-24,3900.0,-0.0007589067894131182,6244.8
583,JD,2020-06-29,3870.0,-4.0,2020-06-29,3894.0,-0.0007589195402298847,6192.0
584,JD,2020-06-30,3888.0,-4.0,2020-06-30,3909.0,-0.0007509299655568309,6220.8
585,JD,2020-07-01,3922.0,-4.0,2020-07-01,3966.0,-0.0007438761467889906,6275.200000000001
586,JD,2020-07-02,3962.0,-4.0,2020-07-02,3958.0,-0.0007301718213058416,6339.200000000001
587,JD,2020-07-06,3928.0,-4.0,2020-07-06,3948.0,-0.0007304919908466816,6284.8
588,JD,2020-07-07,3950.0,-4.0,2020-07-07,3988.0,-0.0007377371428571427,6320.0
589,JD,2020-07-08,3999.0,-4.0,2020-07-08,3984.0,-0.0007259132420091321,6398.400000000001
590,JD,2020-07-09,3999.0,-4.0,2020-07-09,3898.0,-0.0007293614595210944,6398.400000000001
591,JD,2020-07-13,3912.0,-4.0,2020-07-13,3997.0,-0.0007573006833712982,6259.200000000001
592,JD,2020-07-14,3998.0,-4.0,2020-07-14,3970.0,-0.0007520477815699657,6396.8
593,JD,2020-07-15,3970.0,-4.0,2020-07-15,4017.0,-0.0007591477272727272,6352.0
594,JD,2020-07-16,4034.0,-3.0,2020-07-16,3992.0,-0.0007448467650397275,4840.8
595,JD,2020-07-20,3999.0,-4.0,2020-07-20,4110.0,-0.0007558049886621313,6398.400000000001
596,JD,2020-07-21,4140.0,-3.0,2020-07-21,4171.0,-0.000760894677236693,4968.0
597,JD,2020-07-22,4151.0,-3.0,2020-07-22,4136.0,-0.0007515610859728506,4981.2
598,JD,2020-07-23,4166.0,-3.0,2020-07-23,4213.0,-0.0007547909604519773,4999.2
599,JD,2020-07-27,4350.0,-3.0,2020-07-27,4206.0,-0.0007412076749435664,5220.0
600,JD,2020-07-28,4224.0,-3.0,2020-07-28,4150.0,-0.0007278015783540022,5068.8
601,JD,2020-07-29,4155.0,-3.0,2020-07-29,4146.0,-0.0007467117117117118,4986.0
602,JD,2020-07-30,4175.0,-3.0,2020-07-30,4189.0,-0.0007483127109111362,5010.0
603,JD,2020-08-03,4183.0,-3.0,2020-08-03,4096.0,-0.0007437078651685393,5019.599999999999
604,JD,2020-08-04,4090.0,-3.0,2020-08-04,4079.0,-0.0007409988776655443,4908.0
605,JD,2020-08-05,4079.0,-3.0,2020-08-05,4046.0,-0.0007431838565022421,4894.8
606,JD,2020-08-06,4054.0,-3.0,2020-08-06,3957.0,-0.0007514109742441209,4864.8
607,JD,2020-08-10,3780.0,-4.0,2020-08-10,3782.0,-0.000777337807606264,6048.0
608,JD,2020-08-11,3765.0,-4.0,2020-08-11,3702.0,-0.0007846927374301675,6024.0
609,JD,2020-08-12,3683.0,-4.0,2020-08-12,3684.0,-0.0008024888392857144,5892.8
610,JD,2020-08-13,3675.0,-4.0,2020-08-13,3672.0,-0.0008012931995540692,5880.0
611,JD,2020-08-17,3666.0,-4.0,2020-08-17,3752.0,-0.0008013140311804008,5865.6
612,JD,2020-08-18,3796.0,-4.0,2020-08-18,3714.0,-0.0008180422691879866,6073.6
613,JD,2020-08-24,3602.0,-4.0,2020-08-24,3586.0,-0.0008411333333333334,5763.200000000001
614,JD,2020-08-25,3600.0,-4.0,2020-08-25,3568.0,-0.0008390122086570478,5760.0
615,JD,2020-08-26,3580.0,-4.0,2020-08-26,3610.0,-0.0008479379157427938,5728.0
616,JD,2020-08-27,3592.0,-4.0,2020-08-27,3577.0,-0.000837718715393134,5747.200000000001
617,JD,2020-08-31,3506.0,-4.0,2020-08-31,3522.0,-0.0008414159292035398,5609.6
618,JD,2020-09-01,3528.0,-4.0,2020-09-01,3520.0,-0.0008439005524861877,5644.8
619,JD,2020-09-02,3525.0,-4.0,2020-09-02,3411.0,-0.0008454746136865341,5640.0
620,JD,2020-09-03,3413.0,-4.0,2020-09-03,3356.0,-0.0008801984564498344,5460.8
621,JD,2020-09-07,3353.0,-4.0,2020-09-07,3361.0,-0.0008976211453744492,5364.8
622,JD,2020-09-08,3375.0,-4.0,2020-09-08,3443.0,-0.0009012101210121011,5400.0
623,JD,2020-09-09,3432.0,-4.0,2020-09-09,3346.0,-0.0008780769230769228,5491.200000000001
624,JD,2020-09-10,3360.0,-4.0,2020-09-10,3381.0,-0.000904621295279912,5376.0
625,JD,2020-09-14,3384.0,-4.0,2020-09-14,3371.0,-0.0008967763157894736,5414.400000000001
626,JD,2020-09-15,3366.0,-4.0,2020-09-15,3392.0,-0.0008983789704271631,5385.6
627,JD,2020-09-16,3388.0,-4.0,2020-09-16,3404.0,-0.0008889496717724288,5420.8
628,JD,2020-09-17,3404.0,-4.0,2020-09-17,3360.0,-0.0008828196721311475,5446.400000000001
629,JD,2020-09-22,3451.0,-4.0,2020-09-22,3554.0,-0.0008959716157205238,5521.6
630,JD,2020-09-23,3526.0,-4.0,2020-09-23,3538.0,-0.0008962922573609595,5641.6
631,JD,2020-09-24,3540.0,-4.0,2020-09-24,3547.0,-0.0008916122004357297,5664.0
632,JD,2020-09-28,3603.0,-4.0,2020-09-28,3569.0,-0.0008884874863982589,5764.8
633,JD,2020-09-29,3564.0,-4.0,2020-09-29,3582.0,-0.0008838586956521738,5702.400000000001
634,JD,2020-09-30,3598.0,-4.0,2020-09-30,3608.0,-0.0008774158523344191,5756.8
635,JD,2020-10-12,3633.0,-4.0,2020-10-12,3617.0,-0.0008734490238611713,5812.8
636,JD,2020-10-13,3600.0,-4.0,2020-10-13,3559.0,-0.0008659588299024919,5760.0
637,JD,2020-10-14,3565.0,-4.0,2020-10-14,3539.0,-0.0008773484848484848,5704.0
638,JD,2020-10-15,3532.0,-4.0,2020-10-15,3483.0,-0.0008842810810810811,5651.200000000001
639,JD,2020-10-19,3550.0,-4.0,2020-10-19,3571.0,-0.0008983045356371489,5680.0
640,JD,2020-10-20,3571.0,-4.0,2020-10-20,3565.0,-0.0008886839266450916,5713.6
641,JD,2020-10-21,3552.0,-4.0,2020-10-21,3561.0,-0.0008895366379310343,5683.200000000001
642,JD,2020-10-26,4075.0,-3.0,2020-10-26,4015.0,-0.0008858557588805165,4890.0
643,JD,2020-10-27,4015.0,-3.0,2020-10-27,4029.0,-0.0008939892473118277,4818.0
644,JD,2020-10-28,4040.0,-3.0,2020-10-28,4043.0,-0.0008892803437164337,4848.0
645,JD,2020-10-29,4032.0,-3.0,2020-10-29,4091.0,-0.0008875321888412015,4838.4
646,JD,2020-11-02,4087.0,-3.0,2020-11-02,4088.0,-0.0008709003215434082,4904.4
647,JD,2020-11-03,4095.0,-3.0,2020-11-03,3995.0,-0.0008736188436830833,4914.0
648,JD,2020-11-04,4000.0,-4.0,2020-11-04,4018.0,-0.000898802139037433,6400.0
649,JD,2020-11-05,4020.0,-3.0,2020-11-05,3989.0,-0.0008930341880341877,4824.0
650,JD,2020-11-09,3952.0,-4.0,2020-11-09,3948.0,-0.000900309498399146,6323.200000000001
651,JD,2020-11-10,3936.0,-4.0,2020-11-10,3868.0,-0.0009076119402985073,6297.6
652,JD,2020-11-11,3885.0,-4.0,2020-11-11,3901.0,-0.0009250479233226834,6216.0
653,JD,2020-11-12,3901.0,-4.0,2020-11-12,3867.0,-0.0009196808510638296,6241.6
654,JD,2020-11-24,3710.0,-4.0,2020-11-24,3671.0,-0.0009279702444208287,5936.0
655,JD,2020-12-02,3713.0,-4.0,2020-12-02,3684.0,-0.0009402229299363055,5940.8
656,JD,2020-12-03,3677.0,-4.0,2020-12-03,3712.0,-0.0009421208907741249,5883.200000000001
657,JD,2020-12-07,3766.0,-4.0,2020-12-07,3805.0,-0.0009310381355932202,6025.6
658,JD,2020-12-08,3810.0,-4.0,2020-12-08,3820.0,-0.0009311957671957671,6096.0
659,JD,2020-12-14,3950.0,-4.0,2020-12-14,4120.0,-0.000927441860465116,6320.0
660,JD,2020-12-15,4100.0,-3.0,2020-12-15,4125.0,-0.0009325448785638857,4920.0
661,JD,2020-12-16,4125.0,-3.0,2020-12-16,4117.0,-0.0009251265822784808,4950.0
662,JD,2020-12-17,4117.0,-3.0,2020-12-17,4090.0,-0.0009261959957850368,4940.4
663,JD,2020-12-21,4055.0,-3.0,2020-12-21,4206.0,-0.0009321263157894736,4866.0
664,JD,2020-12-22,4246.0,-3.0,2020-12-22,4196.0,-0.0009496529968454257,5095.2
665,JD,2020-12-23,4188.0,-3.0,2020-12-23,4198.0,-0.0009610294117647058,5025.599999999999
666,JD,2020-12-24,4199.0,-3.0,2020-12-24,4188.0,-0.0009575131164742915,5038.8
667,JD,2020-12-28,4221.0,-3.0,2020-12-28,4178.0,-0.0009592557651991613,5065.2
668,JD,2020-12-29,4200.0,-3.0,2020-12-29,4109.0,-0.0009519685863874345,5040.0
669,JD,2020-12-30,4128.0,-3.0,2020-12-30,4135.0,-0.0009736401673640166,4953.599999999999
670,JD,2020-12-31,4136.0,-3.0,2020-12-31,4178.0,-0.000970846394984326,4963.2
671,JD,2021-01-04,4200.0,-3.0,2021-01-04,4127.0,-0.0009592379958246346,5040.0
672,JD,2021-01-05,4110.0,-3.0,2021-01-05,4138.0,-0.0009763607924921793,4932.0
673,JD,2021-01-06,4160.0,-3.0,2021-01-06,4299.0,-0.0009682499999999999,4992.0
674,JD,2021-01-07,4311.0,-3.0,2021-01-07,4318.0,-0.0009324765868886576,5173.2
675,JD,2021-01-11,4450.0,-3.0,2021-01-11,4426.0,-0.0009298232848232848,5340.0
676,JD,2021-01-12,4500.0,-3.0,2021-01-12,4491.0,-0.0009115887850467289,5400.0
677,JD,2021-01-13,4543.0,-3.0,2021-01-13,4482.0,-0.0009127178423236513,5451.599999999999
678,JD,2021-01-14,4463.0,-3.0,2021-01-14,4449.0,-0.0009256891191709843,5355.599999999999
679,JD,2021-01-18,4670.0,-3.0,2021-01-18,4551.0,-0.0009279813664596272,5604.0
680,JD,2021-01-19,4538.0,-3.0,2021-01-19,4440.0,-0.0008943019648397104,5445.599999999999
681,JD,2021-01-20,4440.0,-3.0,2021-01-20,4469.0,-0.0009156921487603304,5328.0
682,JD,2021-01-21,4480.0,-3.0,2021-01-21,4414.0,-0.0009080082559339524,5376.0
683,JD,2021-01-25,4275.0,-3.0,2021-01-25,4290.0,-0.0009222577319587629,5130.0
684,JD,2021-01-26,4290.0,-3.0,2021-01-26,4328.0,-0.0009444078269824922,5148.0
685,JD,2021-01-27,4327.0,-3.0,2021-01-27,4274.0,-0.000934320987654321,5192.4
686,JD,2021-01-28,4255.0,-3.0,2021-01-28,4355.0,-0.000945950668036999,5106.0
687,JD,2021-02-01,4260.0,-3.0,2021-02-01,4389.0,-0.0009208521560574949,5112.0
688,JD,2021-02-02,4400.0,-3.0,2021-02-02,4458.0,-0.0009227384615384615,5280.0
689,JD,2021-02-03,4458.0,-3.0,2021-02-03,4443.0,-0.0009082889344262295,5349.599999999999
690,JD,2021-02-04,4446.0,-3.0,2021-02-04,4459.0,-0.0009107983623336746,5335.2
691,JD,2021-02-08,4507.0,-3.0,2021-02-08,4464.0,-0.0009068813905930471,5408.4
692,JD,2021-02-09,4453.0,-3.0,2021-02-09,4532.0,-0.0008956690500510725,5343.599999999999
693,JD,2021-02-10,4532.0,-3.0,2021-02-10,4483.0,-0.0008766530612244897,5438.4
694,JD,2021-02-18,4515.0,-3.0,2021-02-18,4629.0,-0.0008867787971457696,5418.0
695,JD,2021-02-22,4700.0,-3.0,2021-02-22,4532.0,-0.0008601629327902239,5640.0
696,JD,2021-02-23,4518.0,-3.0,2021-02-23,4528.0,-0.0008363580874872837,5421.599999999999
697,JD,2021-02-24,4529.0,-3.0,2021-02-24,4484.0,-0.0008332621951219512,5434.8
698,JD,2021-02-25,4494.0,-3.0,2021-02-25,4650.0,-0.0008425076142131978,5392.8
699,JD,2021-03-01,4599.0,-3.0,2021-03-01,4390.0,-0.0008064503042596349,5518.8
700,JD,2021-03-02,4378.0,-3.0,2021-03-02,4410.0,-0.0007974873353596758,5253.599999999999
701,JD,2021-03-03,4413.0,-3.0,2021-03-03,4455.0,-0.0007892813765182186,5295.599999999999
702,JD,2021-03-04,4455.0,-3.0,2021-03-04,4482.0,-0.0007788574317492416,5346.0
703,JD,2021-03-08,4439.0,-3.0,2021-03-08,4380.0,-0.0007719494949494949,5326.8
704,JD,2021-03-09,4381.0,-3.0,2021-03-09,4510.0,-0.0007747729566094854,5257.2
705,JD,2021-03-10,4510.0,-3.0,2021-03-10,4497.0,-0.0007443044354838709,5412.0
706,JD,2021-03-11,4500.0,-3.0,2021-03-11,4456.0,-0.0007464551863041287,5400.0
707,JD,2021-03-15,4477.0,-3.0,2021-03-15,4310.0,-0.0007555432595573441,5372.4
708,JD,2021-03-16,4319.0,-3.0,2021-03-16,4421.0,-0.0007403417085427135,5182.8
709,JD,2021-03-17,4420.0,-3.0,2021-03-17,4379.0,-0.000715883534136546,5304.0
710,JD,2021-03-18,4362.0,-3.0,2021-03-18,4343.0,-0.0007244734202607823,5234.4
711,JD,2021-03-22,4311.0,-3.0,2021-03-22,4390.0,-0.0007281162324649297,5173.2
712,JD,2021-03-23,4385.0,-3.0,2021-03-23,4355.0,-0.0007327227227227226,5262.0
713,JD,2021-03-24,4355.0,-3.0,2021-03-24,4404.0,-0.0007388299999999999,5226.0
714,JD,2021-03-25,4398.0,-3.0,2021-03-25,4395.0,-0.0007268531468531468,5277.599999999999
715,JD,2021-03-29,4401.0,-3.0,2021-03-29,4278.0,-0.0007268063872255488,5281.2
716,JD,2021-03-30,4280.0,-3.0,2021-03-30,4299.0,-0.0007051844466600197,5136.0
717,JD,2021-03-31,4290.0,-3.0,2021-03-31,4210.0,-0.0007000597609561751,5148.0
718,JD,2021-04-01,4252.0,-3.0,2021-04-01,4247.0,-0.0007179203980099501,5102.4
719,JD,2021-04-06,4295.0,-3.0,2021-04-06,4234.0,-0.00071837972166998,5154.0
720,JD,2021-04-07,4244.0,-3.0,2021-04-07,4242.0,-0.0007190764647467726,5092.8
721,JD,2021-04-08,4241.0,-3.0,2021-04-08,4261.0,-0.000718829365079365,5089.2
722,JD,2021-04-12,4222.0,-3.0,2021-04-12,4287.0,-0.0007134390485629336,5066.4
723,JD,2021-04-13,4280.0,-3.0,2021-04-13,4304.0,-0.0007374257425742573,5136.0
724,JD,2021-04-19,4980.0,-3.0,2021-04-19,4963.0,-0.0007311473788328387,5976.0
725,JD,2021-04-20,4970.0,-3.0,2021-04-20,4966.0,-0.0007267292490118576,5964.0
726,JD,2021-04-21,4973.0,-3.0,2021-04-21,4978.0,-0.0007268015794669297,5967.599999999999
727,JD,2021-04-22,4990.0,-3.0,2021-04-22,4979.0,-0.0007250887573964496,5988.0
728,JD,2021-04-26,5050.0,-3.0,2021-04-26,5000.0,-0.0007265418719211821,6060.0
729,JD,2021-04-27,4985.0,-3.0,2021-04-27,4920.0,-0.000718513779527559,5982.0
730,JD,2021-04-28,4890.0,-3.0,2021-04-28,4917.0,-0.0007306293018682399,5868.0
731,JD,2021-04-29,4930.0,-3.0,2021-04-29,4992.0,-0.0007244891944990177,5916.0
732,JD,2021-05-06,4993.0,-3.0,2021-05-06,4862.0,-0.0007114327772325809,5991.599999999999
733,JD,2021-05-10,4993.0,-3.0,2021-05-10,5007.0,-0.0007148431372549018,5991.599999999999
734,JD,2021-05-11,4971.0,-3.0,2021-05-11,4891.0,-0.0006893046033300686,5965.2
735,JD,2021-05-12,4886.0,-3.0,2021-05-12,4888.0,-0.0007043737769080235,5863.2
736,JD,2021-05-13,4854.0,-3.0,2021-05-13,4845.0,-0.0007032844574780059,5824.8
737,JD,2021-05-17,4890.0,-3.0,2021-05-17,4816.0,-0.0007044042968749999,5868.0
738,JD,2021-05-18,4798.0,-3.0,2021-05-18,4774.0,-0.0006946146341463413,5757.599999999999
739,JD,2021-05-19,4760.0,-3.0,2021-05-19,4738.0,-0.0006988109161793372,5712.0
740,JD,2021-05-20,4703.0,-3.0,2021-05-20,4784.0,-0.0007026290165530672,5643.599999999999
741,JD,2021-05-24,4723.0,-3.0,2021-05-24,4757.0,-0.0006851945525291829,5667.599999999999
742,JD,2021-05-25,4757.0,-3.0,2021-05-25,4787.0,-0.000701137026239067,5708.4
743,JD,2021-05-26,4780.0,-3.0,2021-05-26,4855.0,-0.0006943300970873787,5736.0
744,JD,2021-05-27,4850.0,-3.0,2021-05-27,4830.0,-0.0006784384093113481,5820.0
745,JD,2021-05-31,4845.0,-3.0,2021-05-31,4743.0,-0.0006817732558139535,5814.0
746,JD,2021-06-01,4741.0,-3.0,2021-06-01,4708.0,-0.0006845111326234268,5689.2
747,JD,2021-06-02,4708.0,-3.0,2021-06-02,4654.0,-0.0006905802707930366,5649.599999999999
748,JD,2021-06-03,4655.0,-3.0,2021-06-03,4721.0,-0.0007009951690821256,5586.0
749,JD,2021-06-07,4739.0,-3.0,2021-06-07,4748.0,-0.000686631274131274,5686.8
750,JD,2021-06-08,4766.0,-3.0,2021-06-08,4756.0,-0.0006749373191899711,5719.2
751,JD,2021-06-09,4750.0,-3.0,2021-06-09,4793.0,-0.0006763102119460501,5700.0
752,JD,2021-06-10,4793.0,-3.0,2021-06-10,4782.0,-0.000666948989412897,5751.599999999999
753,JD,2021-06-15,4755.0,-3.0,2021-06-15,4845.0,-0.0006685192307692308,5706.0
754,JD,2021-06-16,4850.0,-3.0,2021-06-16,4827.0,-0.0006668780019212295,5820.0
755,JD,2021-06-17,4820.0,-3.0,2021-06-17,4880.0,-0.0006707869481765834,5784.0
756,JD,2021-06-21,4771.0,-3.0,2021-06-21,4734.0,-0.0006582070949185042,5725.2
757,JD,2021-06-22,4734.0,-3.0,2021-06-22,4758.0,-0.0006731800766283524,5680.8
758,JD,2021-06-23,4760.0,-3.0,2021-06-23,4741.0,-0.0006676842105263158,5712.0
759,JD,2021-06-24,4750.0,-3.0,2021-06-24,4764.0,-0.0006708604206500955,5700.0
760,JD,2021-06-28,4759.0,-3.0,2021-06-28,4838.0,-0.0006674021012416427,5710.8
761,JD,2021-06-29,4839.0,-3.0,2021-06-29,4822.0,-0.0006709732824427481,5806.8
762,JD,2021-06-30,4823.0,-3.0,2021-06-30,4835.0,-0.000673679694947569,5787.599999999999
763,JD,2021-07-01,4847.0,-3.0,2021-07-01,4851.0,-0.0006706666666666666,5816.4
764,JD,2021-07-05,4706.0,-3.0,2021-07-05,4682.0,-0.0006692388201712654,5647.2
765,JD,2021-07-06,4670.0,-3.0,2021-07-06,4695.0,-0.000693583650190114,5604.0
766,JD,2021-07-07,4688.0,-3.0,2021-07-07,4626.0,-0.0006878442545109211,5625.599999999999
767,JD,2021-07-20,4604.0,-3.0,2021-07-20,4659.0,-0.0006997438330170778,5524.8
768,JD,2021-07-21,4683.0,-3.0,2021-07-21,4626.0,-0.0006974407582938389,5619.599999999999
769,JD,2021-07-22,4632.0,-3.0,2021-07-22,4570.0,-0.000708304924242424,5558.4
770,JD,2021-07-26,4535.0,-3.0,2021-07-26,4642.0,-0.0007203027436140017,5442.0
771,JD,2021-07-27,4655.0,-3.0,2021-07-27,4634.0,-0.0007342911153119091,5586.0
772,JD,2021-07-28,4634.0,-3.0,2021-07-28,4571.0,-0.0007378564683663832,5560.8
773,JD,2021-07-29,4590.0,-3.0,2021-07-29,4587.0,-0.0007499905660377357,5508.0
774,JD,2021-08-02,4582.0,-3.0,2021-08-02,4599.0,-0.0007498963242224316,5498.4
775,JD,2021-08-03,4616.0,-3.0,2021-08-03,4613.0,-0.0007571751412429377,5539.2
776,JD,2021-08-04,4620.0,-3.0,2021-08-04,4634.0,-0.0007570743179680149,5544.0
777,JD,2021-08-05,4618.0,-3.0,2021-08-05,4584.0,-0.0007535150375939848,5541.599999999999
778,JD,2021-08-09,4601.0,-3.0,2021-08-09,4560.0,-0.0007597183098591549,5521.2
779,JD,2021-08-10,4560.0,-3.0,2021-08-10,4546.0,-0.0007604409005628518,5472.0
780,JD,2021-08-11,4525.0,-3.0,2021-08-11,4455.0,-0.0007626054358013121,5430.0
781,JD,2021-08-12,4455.0,-3.0,2021-08-12,4474.0,-0.000776376404494382,5346.0
782,JD,2021-08-16,4458.0,-3.0,2021-08-16,4432.0,-0.0007716651075771749,5349.599999999999
783,JD,2021-08-17,4433.0,-3.0,2021-08-17,4371.0,-0.0007688504672897197,5319.599999999999
784,JD,2021-08-23,4321.0,-3.0,2021-08-23,4352.0,-0.0007811951447245565,5185.2
785,JD,2021-08-24,4350.0,-3.0,2021-08-24,4414.0,-0.0007813152985074627,5220.0
786,JD,2021-08-25,4415.0,-3.0,2021-08-25,4390.0,-0.0007668779123951537,5298.0
787,JD,2021-08-26,4404.0,-3.0,2021-08-26,4373.0,-0.0007714338919925512,5284.8
788,JD,2021-08-30,4377.0,-3.0,2021-08-30,4348.0,-0.0007772651162790697,5252.4
789,JD,2021-08-31,4360.0,-3.0,2021-08-31,4370.0,-0.0007778159851301114,5232.0
790,JD,2021-09-01,4380.0,-3.0,2021-09-01,4364.0,-0.0007749675023212626,5256.0
791,JD,2021-09-02,4378.0,-3.0,2021-09-02,4376.0,-0.0007776345083487941,5253.599999999999
792,JD,2021-09-06,4376.0,-3.0,2021-09-06,4358.0,-0.0007773401297497682,5251.2
793,JD,2021-09-07,4358.0,-3.0,2021-09-07,4367.0,-0.0007799907407407406,5229.599999999999
794,JD,2021-09-08,4367.0,-3.0,2021-09-08,4330.0,-0.0007773543015726179,5240.4
795,JD,2021-09-09,4341.0,-3.0,2021-09-09,4396.0,-0.0007844639556377079,5209.2
796,JD,2021-09-13,4376.0,-3.0,2021-09-13,4310.0,-0.0007720406278855031,5251.2
797,JD,2021-09-14,4305.0,-3.0,2021-09-14,4313.0,-0.0007736439114391143,5166.0
798,JD,2021-09-15,4313.0,-3.0,2021-09-15,4368.0,-0.000771216589861751,5175.599999999999
799,JD,2021-09-16,4385.0,-3.0,2021-09-16,4366.0,-0.0007587661141804787,5262.0
800,JD,2021-09-22,4420.0,-3.0,2021-09-22,4448.0,-0.0007620515179392823,5304.0
801,JD,2021-09-23,4448.0,-3.0,2021-09-23,4442.0,-0.0007516636029411764,5337.599999999999
802,JD,2021-09-27,4425.0,-3.0,2021-09-27,4343.0,-0.0007522130394857667,5310.0
803,JD,2021-09-28,4345.0,-3.0,2021-09-28,4333.0,-0.0007508990825688072,5214.0
804,JD,2021-09-29,4339.0,-3.0,2021-09-29,4355.0,-0.0007527406049495875,5206.8
805,JD,2021-09-30,4355.0,-3.0,2021-09-30,4360.0,-0.000748672161172161,5226.0
806,JD,2021-10-11,4394.0,-3.0,2021-10-11,4491.0,-0.0007469350411710887,5272.8
807,JD,2021-10-12,4480.0,-3.0,2021-10-12,4466.0,-0.0007275594149908592,5376.0
808,JD,2021-10-13,4490.0,-3.0,2021-10-13,4460.0,-0.0007297442922374428,5388.0
809,JD,2021-10-14,4470.0,-3.0,2021-10-14,4482.0,-0.0007351733576642334,5364.0
810,JD,2021-10-18,4553.0,-3.0,2021-10-18,4563.0,-0.000732060164083865,5463.599999999999
811,JD,2021-10-19,4563.0,-3.0,2021-10-19,4543.0,-0.0007303825136612021,5475.599999999999
812,JD,2021-10-20,4530.0,-3.0,2021-10-20,4576.0,-0.0007337033666969971,5436.0
813,JD,2021-10-21,4579.0,-3.0,2021-10-21,4585.0,-0.0007238090909090908,5494.8
814,JD,2021-10-25,4740.0,-3.0,2021-10-25,4694.0,-0.0007219618528610354,5688.0
815,JD,2021-10-26,4715.0,-3.0,2021-10-26,4771.0,-0.0007029401088929219,5658.0
816,JD,2021-10-27,4759.0,-3.0,2021-10-27,4544.0,-0.0006915321849501358,5710.8
817,JD,2021-10-28,4550.0,-3.0,2021-10-28,4514.0,-0.0007318297101449275,5460.0
818,JD,2021-11-01,4480.0,-3.0,2021-11-01,4473.0,-0.0007383257918552035,5376.0
819,JD,2021-11-02,4494.0,-3.0,2021-11-02,4587.0,-0.0007489059674502713,5392.8
820,JD,2021-11-03,4598.0,-3.0,2021-11-03,4623.0,-0.0007295392953929539,5517.599999999999
821,JD,2021-11-04,4620.0,-3.0,2021-11-04,4477.0,-0.000723971119133574,5544.0
822,JD,2021-11-08,4490.0,-3.0,2021-11-08,4478.0,-0.0007512263300270514,5388.0
823,JD,2021-11-09,4491.0,-3.0,2021-11-09,4485.0,-0.0007509549549549549,5389.2
824,JD,2021-11-10,4490.0,-3.0,2021-11-10,4507.0,-0.0007514851485148514,5388.0
825,JD,2021-11-11,4506.0,-3.0,2021-11-11,4469.0,-0.0007474010791366905,5407.2
826,JD,2021-11-15,4578.0,-3.0,2021-11-15,4561.0,-0.000754106019766397,5493.599999999999
827,JD,2021-11-16,4562.0,-3.0,2021-11-16,4598.0,-0.0007266427289048473,5474.4
828,JD,2021-11-17,4592.0,-3.0,2021-11-17,4596.0,-0.000718914798206278,5510.4
829,JD,2021-11-18,4606.0,-3.0,2021-11-18,4640.0,-0.0007174910394265231,5527.2
830,JD,2021-11-22,4556.0,-3.0,2021-11-22,4526.0,-0.0007102417188898835,5467.2
831,JD,2021-11-23,4540.0,-3.0,2021-11-23,4518.0,-0.000717906976744186,5448.0
832,JD,2021-11-24,4526.0,-3.0,2021-11-24,4542.0,-0.0007215996425379802,5431.2
833,JD,2021-11-25,4520.0,-3.0,2021-11-25,4528.0,-0.0007177946428571427,5424.0
834,JD,2021-11-29,4521.0,-3.0,2021-11-29,4424.0,-0.0007155753791257806,5425.2
835,JD,2021-11-30,4409.0,-3.0,2021-11-30,4369.0,-0.0007161229946524064,5290.8
836,JD,2021-12-01,4370.0,-3.0,2021-12-01,4334.0,-0.0007235618878005342,5244.0
837,JD,2021-12-02,4315.0,-3.0,2021-12-02,4340.0,-0.0007302491103202847,5178.0
838,JD,2021-12-14,4137.0,-3.0,2021-12-14,4110.0,-0.0007244533333333333,4964.4
839,JD,2021-12-15,4106.0,-3.0,2021-12-15,4115.0,-0.0007321936056838365,4927.2
840,JD,2021-12-16,4115.0,-3.0,2021-12-16,4112.0,-0.000729600709849157,4938.0
841,JD,2021-12-20,4090.0,-3.0,2021-12-20,4042.0,-0.0007296010638297871,4908.0
842,JD,2021-12-21,4050.0,-3.0,2021-12-21,4065.0,-0.0007306731620903454,4860.0
843,JD,2021-12-22,4067.0,-3.0,2021-12-22,4089.0,-0.0007267522123893805,4880.4
844,JD,2021-12-23,4095.0,-3.0,2021-12-23,4081.0,-0.0007213262599469495,4914.0
845,JD,2021-12-27,4105.0,-3.0,2021-12-27,4120.0,-0.0007237102473498233,4926.0
846,JD,2021-12-28,4120.0,-3.0,2021-12-28,4086.0,-0.0007148543689320388,4944.0
847,JD,2021-12-29,4075.0,-3.0,2021-12-29,4116.0,-0.0007214991181657848,4890.0
848,JD,2021-12-30,4130.0,-3.0,2021-12-30,4142.0,-0.000712,4956.0
849,JD,2022-01-04,4121.0,-3.0,2022-01-04,4165.0,-0.0007088116197183098,4945.2
850,JD,2022-01-05,4159.0,-3.0,2022-01-05,4120.0,-0.0007054177660510113,4990.8
851,JD,2022-01-06,4130.0,-3.0,2022-01-06,4107.0,-0.0007130404217926186,4956.0
852,JD,2022-01-10,4080.0,-3.0,2022-01-10,4128.0,-0.0007173046532045653,4896.0
853,JD,2022-01-11,4120.0,-3.0,2022-01-11,4104.0,-0.0007128333333333333,4944.0
854,JD,2022-01-12,4110.0,-3.0,2022-01-12,4142.0,-0.0007156091148115686,4932.0
855,JD,2022-01-13,4152.0,-3.0,2022-01-13,4140.0,-0.0007081611208406304,4982.4
856,JD,2022-01-17,4050.0,-3.0,2022-01-17,4029.0,-0.0007100699912510936,4860.0
857,JD,2022-01-18,4031.0,-3.0,2022-01-18,4013.0,-0.0007229807692307692,4837.2
858,JD,2022-01-19,4018.0,-3.0,2022-01-19,4028.0,-0.0007262532751091702,4821.599999999999
859,JD,2022-01-20,4035.0,-3.0,2022-01-20,4039.0,-0.0007234467713787084,4842.0
860,JD,2022-01-24,4055.0,-3.0,2022-01-24,4133.0,-0.000721952920662598,4866.0
861,JD,2022-01-25,4120.0,-3.0,2022-01-25,4117.0,-0.0007204616724738675,4944.0
862,JD,2022-01-26,4111.0,-3.0,2022-01-26,4138.0,-0.0007204699738903393,4933.2
863,JD,2022-01-27,4168.0,-3.0,2022-01-27,4186.0,-0.0007141304347826087,5001.599999999999
864,JD,2022-02-07,4204.0,-3.0,2022-02-07,4237.0,-0.0007097567332754126,5044.8
865,JD,2022-02-08,4245.0,-3.0,2022-02-08,4258.0,-0.00071203125,5094.0
866,JD,2022-02-09,4259.0,-3.0,2022-02-09,4240.0,-0.0007087597571552471,5110.8
867,JD,2022-02-10,4250.0,-3.0,2022-02-10,4289.0,-0.0007120103986135181,5100.0
868,JD,2022-02-14,4240.0,-3.0,2022-02-14,4280.0,-0.0007034458874458873,5088.0
869,JD,2022-02-15,4281.0,-3.0,2022-02-15,4240.0,-0.0007040484429065744,5137.2
870,JD,2022-02-16,4243.0,-3.0,2022-02-16,4227.0,-0.0007117199654278304,5091.599999999999
871,JD,2022-02-17,4234.0,-3.0,2022-02-17,4264.0,-0.0007143609671848013,5080.8
872,JD,2022-02-21,4230.0,-3.0,2022-02-21,4215.0,-0.0007076272648835201,5076.0
873,JD,2022-02-22,4218.0,-3.0,2022-02-22,4217.0,-0.0007128706896551724,5061.599999999999
874,JD,2022-02-23,4222.0,-3.0,2022-02-23,4268.0,-0.0007124633936261843,5066.4
875,JD,2022-02-24,4285.0,-3.0,2022-02-24,4304.0,-0.0007024698795180721,5142.0
876,JD,2022-02-28,4298.0,-3.0,2022-02-28,4308.0,-0.0006980567497850386,5157.599999999999
877,JD,2022-03-01,4310.0,-3.0,2022-03-01,4290.0,-0.0006896391752577319,5172.0
878,JD,2022-03-09,4410.0,-3.0,2022-03-09,4379.0,-0.0006930300429184549,5292.0
879,JD,2022-03-10,4380.0,-3.0,2022-03-10,4365.0,-0.000686869639794168,5256.0
880,JD,2022-03-14,4414.0,-3.0,2022-03-14,4431.0,-0.0006892116538131961,5296.8
881,JD,2022-03-15,4424.0,-3.0,2022-03-15,4248.0,-0.0006755479452054794,5308.8
882,JD,2022-03-16,4281.0,-3.0,2022-03-16,4276.0,-0.0007089991445680067,5137.2
883,JD,2022-03-17,4262.0,-3.0,2022-03-17,4233.0,-0.0007093931623931624,5114.4
884,JD,2022-03-21,4267.0,-3.0,2022-03-21,4264.0,-0.000714594363791631,5120.4
885,JD,2022-03-22,4269.0,-3.0,2022-03-22,4292.0,-0.0007145904436860067,5122.8
886,JD,2022-03-23,4292.0,-3.0,2022-03-23,4338.0,-0.0007093861892583119,5150.4
887,JD,2022-03-24,4335.0,-3.0,2022-03-24,4424.0,-0.0006996507666098807,5202.0
888,JD,2022-03-28,4348.0,-3.0,2022-03-28,4346.0,-0.0006815829787234042,5217.599999999999
889,JD,2022-03-29,4361.0,-3.0,2022-03-29,4367.0,-0.0006898724489795917,5233.2
890,JD,2022-03-30,4363.0,-3.0,2022-03-30,4330.0,-0.0006881138487680543,5235.599999999999
891,JD,2022-03-31,4350.0,-3.0,2022-03-31,4332.0,-0.0006939473684210526,5220.0
892,JD,2022-04-11,4939.0,-3.0,2022-04-11,4860.0,-0.0006968702290076335,5926.8
893,JD,2022-04-12,4863.0,-3.0,2022-04-12,4814.0,-0.0007011694915254236,5835.599999999999
894,JD,2022-04-13,4800.0,-3.0,2022-04-13,4791.0,-0.0007091109229466553,5760.0
895,JD,2022-04-14,4805.0,-3.0,2022-04-14,4808.0,-0.0007101015228426396,5766.0
896,JD,2022-04-18,4806.0,-3.0,2022-04-18,4817.0,-0.0007089771766694843,5767.2
897,JD,2022-04-19,4842.0,-3.0,2022-04-19,4810.0,-0.0007136486486486486,5810.4
898,JD,2022-04-20,4830.0,-3.0,2022-04-20,4800.0,-0.0007186244725738396,5796.0
899,JD,2022-04-21,4792.0,-3.0,2022-04-21,4801.0,-0.0007232546374367622,5750.4
900,JD,2022-04-25,4835.0,-3.0,2022-04-25,4825.0,-0.0007210614995787699,5802.0
901,JD,2022-04-26,4836.0,-3.0,2022-04-26,4780.0,-0.0007180050505050504,5803.2
902,JD,2022-04-27,4785.0,-3.0,2022-04-27,4783.0,-0.0007271404541631623,5742.0
903,JD,2022-04-28,4782.0,-3.0,2022-04-28,4797.0,-0.0007268823529411764,5738.4
904,JD,2022-05-05,4801.0,-3.0,2022-05-05,4842.0,-0.0007236356003358522,5761.2
905,JD,2022-05-09,4720.0,-3.0,2022-05-09,4703.0,-0.0007228523489932885,5664.0
906,JD,2022-05-10,4690.0,-3.0,2022-05-10,4702.0,-0.0007399748533109806,5628.0
907,JD,2022-05-11,4715.0,-3.0,2022-05-11,4717.0,-0.0007372110552763819,5658.0
908,JD,2022-05-12,4725.0,-3.0,2022-05-12,4744.0,-0.0007362426778242677,5670.0
909,JD,2022-05-16,4735.0,-3.0,2022-05-16,4761.0,-0.0007322658862876254,5682.0
910,JD,2022-05-17,4772.0,-3.0,2022-05-17,4786.0,-0.0007339431913116123,5726.4
911,JD,2022-05-18,4786.0,-3.0,2022-05-18,4798.0,-0.0007308848080133556,5743.2
912,JD,2022-05-19,4793.0,-3.0,2022-05-19,4755.0,-0.0007281818181818181,5751.599999999999
913,JD,2022-05-23,4768.0,-3.0,2022-05-23,4812.0,-0.0007341833333333333,5721.599999999999
914,JD,2022-05-26,4812.0,-3.0,2022-05-26,4823.0,-0.0007267527060782679,5774.4
915,JD,2022-05-30,4750.0,-3.0,2022-05-30,4729.0,-0.0007270133111480864,5700.0
916,JD,2022-05-31,4729.0,-3.0,2022-05-31,4734.0,-0.0007370989193682459,5674.8
917,JD,2022-06-01,4732.0,-3.0,2022-06-01,4735.0,-0.0007356063122923587,5678.4
918,JD,2022-06-02,4735.0,-3.0,2022-06-02,4706.0,-0.000734473029045643,5682.0
919,JD,2022-06-06,4706.0,-3.0,2022-06-06,4780.0,-0.0007389386401326699,5647.2
920,JD,2022-06-07,4772.0,-3.0,2022-06-07,4688.0,-0.0007253024026512012,5726.4
921,JD,2022-06-08,4688.0,-3.0,2022-06-08,4699.0,-0.000739271523178808,5625.599999999999
922,JD,2022-06-09,4686.0,-3.0,2022-06-09,4688.0,-0.0007367162944582299,5623.2
923,JD,2022-06-13,4690.0,-3.0,2022-06-13,4687.0,-0.0007357520661157025,5628.0
924,JD,2022-06-14,4688.0,-3.0,2022-06-14,4694.0,-0.0007384971098265896,5625.599999999999
925,JD,2022-06-15,4693.0,-3.0,2022-06-15,4643.0,-0.0007368316831683167,5631.599999999999
926,JD,2022-06-16,4650.0,-3.0,2022-06-16,4647.0,-0.0007450041220115416,5580.0
927,JD,2022-06-20,4680.0,-3.0,2022-06-20,4725.0,-0.0007449258649093904,5616.0
928,JD,2022-06-21,4725.0,-3.0,2022-06-21,4665.0,-0.0007372345679012345,5670.0
929,JD,2022-06-22,4660.0,-3.0,2022-06-22,4623.0,-0.0007470723684210526,5592.0
930,JD,2022-06-23,4618.0,-3.0,2022-06-23,4635.0,-0.0007529827444535743,5541.599999999999
931,JD,2022-06-27,4581.0,-3.0,2022-06-27,4577.0,-0.000749343185550082,5497.2
932,JD,2022-07-05,4470.0,-3.0,2022-07-05,4399.0,-0.0007545611156685808,5364.0
933,JD,2022-07-13,4350.0,-3.0,2022-07-13,4366.0,-0.000757155737704918,5220.0
934,JD,2022-07-14,4370.0,-3.0,2022-07-14,4395.0,-0.0007591564291564291,5244.0
935,JD,2022-07-18,4370.0,-3.0,2022-07-18,4391.0,-0.0007538543371522093,5244.0
936,JD,2022-07-19,4392.0,-3.0,2022-07-19,4343.0,-0.0007606950122649222,5270.4
937,JD,2022-07-20,4346.0,-3.0,2022-07-20,4321.0,-0.0007691911764705882,5215.2
938,JD,2022-07-21,4315.0,-3.0,2022-07-21,4319.0,-0.0007732571428571428,5178.0
939,JD,2022-07-25,4295.0,-3.0,2022-07-25,4283.0,-0.0007718678629690049,5154.0
940,JD,2022-08-03,4165.0,-3.0,2022-08-03,4120.0,-0.0007738875305623471,4998.0
941,JD,2022-08-04,4115.0,-3.0,2022-08-04,4096.0,-0.0007841123778501628,4938.0
942,JD,2022-08-16,4100.0,-3.0,2022-08-16,4108.0,-0.000787233523189585,4920.0
943,JD,2022-08-17,4123.0,-3.0,2022-08-17,4156.0,-0.0007885772357723577,4947.599999999999
944,JD,2022-08-18,4165.0,-3.0,2022-08-18,4147.0,-0.000781437855402112,4998.0
945,JD,2022-08-22,4142.0,-3.0,2022-08-22,4126.0,-0.0007843100649350649,4970.4
946,JD,2022-08-23,4137.0,-3.0,2022-08-23,4143.0,-0.0007860097323600973,4964.4
947,JD,2022-08-24,4161.0,-3.0,2022-08-24,4186.0,-0.0007841977309562399,4993.2
948,JD,2022-08-25,4203.0,-3.0,2022-08-25,4152.0,-0.0007786963562753036,5043.599999999999
949,JD,2022-08-29,4131.0,-3.0,2022-08-29,4158.0,-0.0007878802588996764,4957.2
950,JD,2022-08-30,4183.0,-3.0,2022-08-30,4212.0,-0.0007936701697655619,5019.599999999999
951,JD,2022-08-31,4235.0,-3.0,2022-08-31,4231.0,-0.0007874313408723747,5082.0
952,JD,2022-09-01,4245.0,-3.0,2022-09-01,4199.0,-0.0007875544794188863,5094.0
953,JD,2022-09-05,4220.0,-3.0,2022-09-05,4249.0,-0.0007956612903225807,5064.0
954,JD,2022-09-06,4260.0,-3.0,2022-09-06,4269.0,-0.0007944399677679291,5112.0
955,JD,2022-09-07,4272.0,-3.0,2022-09-07,4290.0,-0.0007921014492753623,5126.4
956,JD,2022-09-08,4265.0,-3.0,2022-09-08,4248.0,-0.0007880772325020112,5118.0
957,JD,2022-09-13,4274.0,-3.0,2022-09-13,4233.0,-0.0007906511254019293,5128.8
958,JD,2022-09-14,4245.0,-3.0,2022-09-14,4230.0,-0.0007826104417670683,5094.0
959,JD,2022-09-15,4249.0,-3.0,2022-09-15,4242.0,-0.0007848154093097913,5098.8
960,JD,2022-09-19,4268.0,-3.0,2022-09-19,4314.0,-0.0007855092221331195,5121.599999999999
961,JD,2022-09-20,4315.0,-3.0,2022-09-20,4294.0,-0.0007816746794871795,5178.0
962,JD,2022-09-21,4288.0,-3.0,2022-09-21,4291.0,-0.0007849479583666934,5145.599999999999
963,JD,2022-09-22,4310.0,-3.0,2022-09-22,4322.0,-0.00078376,5172.0
964,JD,2022-09-26,4323.0,-3.0,2022-09-26,4321.0,-0.0007809112709832134,5187.599999999999
965,JD,2022-09-27,4322.0,-3.0,2022-09-27,4370.0,-0.0007793610223642173,5186.4
966,JD,2022-09-28,4365.0,-3.0,2022-09-28,4385.0,-0.0007698723064644852,5238.0
967,JD,2022-09-29,4381.0,-3.0,2022-09-29,4373.0,-0.0007656060606060606,5257.2
968,JD,2022-10-10,4388.0,-3.0,2022-10-10,4500.0,-0.0007664541832669323,5265.599999999999
969,JD,2022-10-11,4500.0,-3.0,2022-10-11,4473.0,-0.0007816799363057325,5400.0
970,JD,2022-10-12,4468.0,-3.0,2022-10-12,4470.0,-0.0007858313444709626,5361.599999999999
971,JD,2022-10-13,4482.0,-3.0,2022-10-13,4541.0,-0.0007848489666136724,5378.4
972,JD,2022-10-17,4530.0,-3.0,2022-10-17,4546.0,-0.0007737728355837968,5436.0
973,JD,2022-10-18,4545.0,-3.0,2022-10-18,4447.0,-0.0007696587301587301,5454.0
974,JD,2022-10-19,4453.0,-3.0,2022-10-19,4456.0,-0.0007861459159397304,5343.599999999999
975,JD,2022-10-20,4465.0,-3.0,2022-10-20,4453.0,-0.0007849920760697306,5358.0
976,JD,2022-10-24,4511.0,-3.0,2022-10-24,4435.0,-0.0007865003958828187,5413.2
977,JD,2022-10-25,4436.0,-3.0,2022-10-25,4424.0,-0.000785878164556962,5323.2
978,JD,2022-10-26,4435.0,-3.0,2022-10-26,4328.0,-0.000787399209486166,5322.0
979,JD,2022-10-27,4330.0,-3.0,2022-10-27,4309.0,-0.0008058372827804106,5196.0
980,JD,2022-10-31,4358.0,-3.0,2022-10-31,4320.0,-0.0008090292028413575,5229.599999999999
981,JD,2022-11-01,4332.0,-3.0,2022-11-01,4327.0,-0.000808943217665615,5198.4
982,JD,2022-11-02,4335.0,-3.0,2022-11-02,4329.0,-0.0008092119779353821,5202.0
983,JD,2022-11-03,4328.0,-3.0,2022-11-03,4337.0,-0.0008096614173228345,5193.599999999999
984,JD,2022-11-07,4285.0,-3.0,2022-11-07,4283.0,-0.0008073878835562549,5142.0
985,JD,2022-11-08,4280.0,-3.0,2022-11-08,4260.0,-0.0008188915094339621,5136.0
986,JD,2022-11-09,4265.0,-3.0,2022-11-09,4287.0,-0.0008219167321288296,5118.0
987,JD,2022-11-21,4276.0,-3.0,2022-11-21,4382.0,-0.0008172213500784929,5131.2
988,JD,2022-11-22,4390.0,-3.0,2022-11-22,4392.0,-0.0008169490196078431,5268.0
989,JD,2022-11-23,4383.0,-3.0,2022-11-23,4389.0,-0.000815948275862069,5259.599999999999
990,JD,2022-11-24,4394.0,-3.0,2022-11-24,4457.0,-0.0008142364917776037,5272.8
991,JD,2022-11-28,4419.0,-3.0,2022-11-28,4428.0,-0.0008023787167449138,5302.8
992,JD,2022-11-29,4429.0,-3.0,2022-11-29,4360.0,-0.0008019311962470679,5314.8
993,JD,2022-11-30,4355.0,-3.0,2022-11-30,4332.0,-0.0008134765624999999,5226.0
994,JD,2022-12-01,4341.0,-3.0,2022-12-01,4336.0,-0.0008169633099141296,5209.2
995,JD,2022-12-05,4387.0,-3.0,2022-12-05,4494.0,-0.0008172230889235569,5264.4
996,JD,2022-12-06,4500.0,-3.0,2022-12-06,4487.0,-0.000814614185502728,5400.0
997,JD,2022-12-07,4500.0,-3.0,2022-12-07,4467.0,-0.0008162305295950154,5400.0
998,JD,2022-12-08,4477.0,-3.0,2022-12-08,4442.0,-0.0008212996108949416,5372.4
999,JD,2022-12-12,4382.0,-3.0,2022-12-12,4290.0,-0.000826741835147745,5258.4
1000,JD,2022-12-15,4267.0,-3.0,2022-12-15,4237.0,-0.0008278554778554777,5120.4
1001,JD,2022-12-19,4198.0,-3.0,2022-12-19,4222.0,-0.0008338742236024845,5037.599999999999
1002,JD,2022-12-20,4219.0,-3.0,2022-12-20,4202.0,-0.0008363460046547711,5062.8
1003,JD,2022-12-21,4205.0,-3.0,2022-12-21,4260.0,-0.0008388217054263566,5046.0
1004,JD,2022-12-22,4260.0,-3.0,2022-12-22,4243.0,-0.0008280402788536018,5112.0
1005,JD,2022-12-26,4182.0,-3.0,2022-12-26,4238.0,-0.0008304876160990712,5018.4
1006,JD,2022-12-27,4254.0,-3.0,2022-12-27,4307.0,-0.0008336813611755607,5104.8
1007,JD,2022-12-28,4308.0,-3.0,2022-12-28,4297.0,-0.0008234080370942813,5169.599999999999
1008,JD,2022-12-29,4310.0,-3.0,2022-12-29,4327.0,-0.0008247413127413126,5172.0
1009,JD,2023-01-03,4327.0,-3.0,2023-01-03,4314.0,-0.0008210648148148147,5192.4
1010,JD,2023-01-04,4314.0,-3.0,2023-01-04,4326.0,-0.0008206090979182729,5176.8
1011,JD,2023-01-05,4330.0,-3.0,2023-01-05,4376.0,-0.0008178351309707242,5196.0
1012,JD,2023-01-09,4370.0,-3.0,2023-01-09,4360.0,-0.0008090300230946884,5244.0
1013,JD,2023-01-10,4360.0,-3.0,2023-01-10,4373.0,-0.0008084076923076924,5232.0
1014,JD,2023-01-11,4394.0,-3.0,2023-01-11,4385.0,-0.0008054957724827056,5272.8
1015,JD,2023-01-12,4385.0,-3.0,2023-01-12,4386.0,-0.0008064516129032257,5262.0
1016,JD,2023-01-16,4411.0,-3.0,2023-01-16,4414.0,-0.0008056561780506524,5293.2
1017,JD,2023-02-01,4435.0,-3.0,2023-02-01,4476.0,-0.0008003220858895704,5322.0
1018,JD,2023-02-02,4462.0,-3.0,2023-02-02,4458.0,-0.0007990114942528736,5354.4
1019,JD,2023-02-06,4462.0,-3.0,2023-02-06,4439.0,-0.0007990888208269525,5354.4
1020,JD,2023-02-07,4431.0,-3.0,2023-02-07,4385.0,-0.0007967635807192044,5317.2
1021,JD,2023-02-08,4385.0,-3.0,2023-02-08,4336.0,-0.0008040902140672783,5262.0
1022,JD,2023-02-09,4332.0,-3.0,2023-02-09,4333.0,-0.000812009167303285,5198.4
1023,JD,2023-02-13,4360.0,-3.0,2023-02-13,4323.0,-0.0008112137404580152,5232.0
1024,JD,2023-02-14,4330.0,-3.0,2023-02-14,4319.0,-0.0008062013729977116,5196.0
1025,JD,2023-02-15,4308.0,-3.0,2023-02-15,4381.0,-0.0008075228658536585,5169.599999999999
1026,JD,2023-02-16,4355.0,-3.0,2023-02-16,4369.0,-0.0007939984767707539,5226.0
1027,JD,2023-02-20,4353.0,-3.0,2023-02-20,4372.0,-0.0007909512937595129,5223.599999999999
1028,JD,2023-02-21,4378.0,-3.0,2023-02-21,4369.0,-0.0007957338403041824,5253.599999999999
1029,JD,2023-02-22,4364.0,-3.0,2023-02-22,4353.0,-0.0007966945288753798,5236.8
1030,JD,2023-02-23,4353.0,-3.0,2023-02-23,4428.0,-0.0007980030372057706,5223.599999999999
1031,JD,2023-02-27,4440.0,-3.0,2023-02-27,4426.0,-0.0007843247344461304,5328.0
1032,JD,2023-02-28,4435.0,-3.0,2023-02-28,4408.0,-0.0007821834723275207,5322.0
1033,JD,2023-03-01,4411.0,-3.0,2023-03-01,4408.0,-0.0007862045454545452,5293.2
1034,JD,2023-03-02,4396.0,-3.0,2023-03-02,4350.0,-0.000786124148372445,5275.2
1035,JD,2023-03-06,4417.0,-3.0,2023-03-06,4357.0,-0.0007934417549167927,5300.4
1036,JD,2023-03-07,4373.0,-3.0,2023-03-07,4396.0,-0.0007850566893424036,5247.599999999999
1037,JD,2023-03-08,4390.0,-3.0,2023-03-08,4408.0,-0.0007804909365558911,5268.0
1038,JD,2023-03-09,4405.0,-3.0,2023-03-09,4397.0,-0.0007768075471698112,5286.0
1039,JD,2023-03-13,4393.0,-3.0,2023-03-13,4373.0,-0.0007775942684766213,5271.599999999999
1040,JD,2023-03-14,4395.0,-3.0,2023-03-14,4441.0,-0.0007785531273549359,5274.0
1041,JD,2023-03-15,4440.0,-3.0,2023-03-15,4438.0,-0.000770082831325301,5328.0
1042,JD,2023-03-16,4433.0,-3.0,2023-03-16,4440.0,-0.000769841986455982,5319.599999999999
1043,JD,2023-03-20,4455.0,-3.0,2023-03-20,4369.0,-0.0007680751879699247,5346.0
1044,JD,2023-03-21,4378.0,-3.0,2023-03-21,4371.0,-0.0007669872276483846,5253.599999999999
1045,JD,2023-03-22,4368.0,-3.0,2023-03-22,4356.0,-0.0007676126126126124,5241.599999999999
1046,JD,2023-03-23,4343.0,-3.0,2023-03-23,4270.0,-0.0007690997749437359,5211.599999999999
1047,JD,2023-03-27,4291.0,-3.0,2023-03-27,4267.0,-0.0007811244377811094,5149.2
1048,JD,2023-03-28,4270.0,-3.0,2023-03-28,4318.0,-0.0007798352059925094,5124.0
1049,JD,2023-03-29,4318.0,-3.0,2023-03-29,4321.0,-0.0007708383233532933,5181.599999999999
1050,JD,2023-03-30,4313.0,-3.0,2023-03-30,4319.0,-0.0007697456993268512,5175.599999999999
1051,JD,2023-04-03,4319.0,-3.0,2023-04-03,4324.0,-0.0007681315396113601,5182.8
1052,JD,2023-04-04,4315.0,-3.0,2023-04-04,4304.0,-0.000763398058252427,5178.0
1053,JD,2023-04-06,4280.0,-3.0,2023-04-06,4258.0,-0.0007647313432835821,5136.0
1054,JD,2023-04-10,4300.0,-3.0,2023-04-10,4310.0,-0.000767994034302759,5160.0
1055,JD,2023-04-11,4319.0,-3.0,2023-04-11,4338.0,-0.0007644485842026826,5182.8
1056,JD,2023-04-12,4336.0,-3.0,2023-04-12,4329.0,-0.0007606031273268802,5203.2
1057,JD,2023-04-17,4240.0,-3.0,2023-04-17,4389.0,-0.000761235119047619,5088.0
1058,JD,2023-04-18,4374.0,-3.0,2023-04-18,4375.0,-0.0007666691449814126,5248.8
1059,JD,2023-04-19,4365.0,-3.0,2023-04-19,4367.0,-0.0007659286775631499,5238.0
1060,JD,2023-04-20,4346.0,-3.0,2023-04-20,4279.0,-0.0007650185597624349,5215.2
1061,JD,2023-04-24,4270.0,-3.0,2023-04-24,4262.0,-0.0007758902077151334,5124.0
1062,JD,2023-04-25,4266.0,-3.0,2023-04-25,4214.0,-0.0007772201630837656,5119.2
1063,JD,2023-04-26,4210.0,-3.0,2023-04-26,4212.0,-0.000785674074074074,5052.0
1064,JD,2023-04-27,4213.0,-3.0,2023-04-27,4214.0,-0.0007847372316802368,5055.599999999999
1065,JD,2023-05-04,4180.0,-3.0,2023-05-04,4172.0,-0.0007839792899408284,5016.0
1066,JD,2023-05-08,4146.0,-3.0,2023-05-08,4152.0,-0.0007884848484848483,4975.2
1067,JD,2023-05-09,4142.0,-3.0,2023-05-09,4131.0,-0.0007914401772525849,4970.4
1068,JD,2023-05-10,4126.0,-3.0,2023-05-10,4153.0,-0.0007928191881918818,4951.2
1069,JD,2023-05-11,4168.0,-3.0,2023-05-11,4152.0,-0.0007874115044247787,5001.599999999999
1070,JD,2023-05-15,4140.0,-3.0,2023-05-15,4153.0,-0.0007896610169491525,4968.0
1071,JD,2023-05-16,4150.0,-3.0,2023-05-16,4175.0,-0.0007903166421207657,4980.0
1072,JD,2023-05-17,4170.0,-3.0,2023-05-17,4176.0,-0.0007853053715967623,5004.0
1073,JD,2023-05-18,4178.0,-3.0,2023-05-18,4162.0,-0.0007836691176470588,5013.599999999999
1074,JD,2023-05-22,4149.0,-3.0,2023-05-22,4092.0,-0.0007859074210139603,4978.8
1075,JD,2023-05-23,4100.0,-3.0,2023-05-23,4100.0,-0.0007913215859030836,4920.0
1076,JD,2023-05-24,4090.0,-3.0,2023-05-24,4114.0,-0.0007907410124724871,4908.0
1077,JD,2023-05-25,4114.0,-3.0,2023-05-25,4107.0,-0.000785857771260997,4936.8
1078,JD,2023-05-29,4145.0,-3.0,2023-05-29,4182.0,-0.0007865274725274725,4974.0
1079,JD,2023-05-30,4180.0,-3.0,2023-05-30,4181.0,-0.0007847071742313323,5016.0
1080,JD,2023-05-31,4172.0,-3.0,2023-05-31,4134.0,-0.0007839575713240672,5006.4
1081,JD,2023-06-01,4148.0,-3.0,2023-06-01,4170.0,-0.0007900438596491226,4977.599999999999
1082,JD,2023-06-05,4178.0,-3.0,2023-06-05,4143.0,-0.0007855953250547843,5013.599999999999
1083,JD,2023-06-06,4145.0,-3.0,2023-06-06,4111.0,-0.0007795693430656934,4974.0
1084,JD,2023-06-07,4115.0,-3.0,2023-06-07,4103.0,-0.000784981765134938,4938.0
1085,JD,2023-06-08,4114.0,-3.0,2023-06-08,4114.0,-0.0007865379008746355,4936.8
1086,JD,2023-06-12,4099.0,-3.0,2023-06-12,4080.0,-0.0007859650400582665,4918.8
1087,JD,2023-06-13,4072.0,-3.0,2023-06-13,4047.0,-0.0007868122270742356,4886.4
1088,JD,2023-06-14,4040.0,-3.0,2023-06-14,4046.0,-0.0007907054545454544,4848.0
1089,JD,2023-06-15,4046.0,-3.0,2023-06-15,4056.0,-0.000789047965116279,4855.2
1090,JD,2023-06-19,4085.0,-3.0,2023-06-19,4126.0,-0.0007866811909949164,4902.0
1091,JD,2023-06-20,4120.0,-3.0,2023-06-20,4128.0,-0.0007821843251088533,4944.0
1092,JD,2023-06-21,4128.0,-3.0,2023-06-21,4142.0,-0.0007802102973168963,4953.599999999999
1093,JD,2023-06-26,4146.0,-3.0,2023-06-26,4148.0,-0.0007771884057971014,4975.2
1094,JD,2023-06-27,4148.0,-3.0,2023-06-27,4139.0,-0.0007762780593772628,4977.599999999999
1095,JD,2023-06-28,4142.0,-3.0,2023-06-28,4163.0,-0.000777286541244573,4970.4
1096,JD,2023-06-29,4157.0,-3.0,2023-06-29,4115.0,-0.000773058568329718,4988.4
1097,JD,2023-07-03,4140.0,-3.0,2023-07-03,4220.0,-0.0007797976878612717,4968.0
1098,JD,2023-07-04,4200.0,-3.0,2023-07-04,4197.0,-0.0007771263537906137,5040.0
1099,JD,2023-07-05,4180.0,-3.0,2023-07-05,4252.0,-0.0007770779220779219,5016.0
1100,JD,2023-07-06,4246.0,-3.0,2023-07-06,4256.0,-0.0007641023792357604,5095.2
1101,JD,2023-07-10,4260.0,-3.0,2023-07-10,4221.0,-0.0007618515850144091,5112.0
1102,JD,2023-07-11,4230.0,-3.0,2023-07-11,4222.0,-0.0007638372930165585,5076.0
1103,JD,2023-07-12,4218.0,-3.0,2023-07-12,4164.0,-0.0007646474820143883,5061.599999999999
1104,JD,2023-07-13,4163.0,-3.0,2023-07-13,4145.0,-0.0007732997843278217,4995.599999999999
1105,JD,2023-07-17,4138.0,-3.0,2023-07-17,4156.0,-0.0007758477011494253,4965.599999999999
1106,JD,2023-07-18,4160.0,-3.0,2023-07-18,4178.0,-0.0007816941852117733,4992.0
1107,JD,2023-07-19,4185.0,-3.0,2023-07-19,4169.0,-0.0007780272596843616,5022.0
1108,JD,2023-07-20,4179.0,-3.0,2023-07-20,4177.0,-0.0007802078853046594,5014.8
1109,JD,2023-07-24,4297.0,-3.0,2023-07-24,4328.0,-0.0007799928366762178,5156.4
1110,JD,2023-07-25,4325.0,-3.0,2023-07-25,4311.0,-0.0007679599141016465,5190.0
1111,JD,2023-07-26,4310.0,-3.0,2023-07-26,4293.0,-0.0007697281831187412,5172.0
1112,JD,2023-07-27,4289.0,-3.0,2023-07-27,4302.0,-0.0007719942816297357,5146.8
1113,JD,2023-07-31,4325.0,-3.0,2023-07-31,4323.0,-0.0007692785714285713,5190.0
1114,JD,2023-08-01,4321.0,-3.0,2023-08-01,4383.0,-0.0007622412562455388,5185.2
1115,JD,2023-08-02,4410.0,-3.0,2023-08-02,4437.0,-0.0007514621968616262,5292.0
1116,JD,2023-08-03,4448.0,-3.0,2023-08-03,4415.0,-0.0007465645046329293,5337.599999999999
1117,JD,2023-08-07,4409.0,-3.0,2023-08-07,4325.0,-0.0007513176638176639,5290.8
1118,JD,2023-08-08,4355.0,-3.0,2023-08-08,4354.0,-0.0007482064056939501,5226.0
1119,JD,2023-08-09,4363.0,-3.0,2023-08-09,4421.0,-0.0007478378378378378,5235.599999999999
1120,JD,2023-08-10,4442.0,-3.0,2023-08-10,4373.0,-0.000737860696517413,5330.4
1121,JD,2023-08-14,4336.0,-3.0,2023-08-14,4278.0,-0.0007483664772727272,5203.2
1122,JD,2023-08-17,4182.0,-3.0,2023-08-17,4138.0,-0.0007549822569198012,5018.4
1123,JD,2023-08-21,4245.0,-3.0,2023-08-21,4255.0,-0.0007572482269503546,5094.0
1124,JD,2023-08-22,4248.0,-3.0,2023-08-22,4218.0,-0.0007421757618710134,5097.599999999999
1125,JD,2023-08-23,4211.0,-3.0,2023-08-23,4228.0,-0.0007466501416430595,5053.2
1126,JD,2023-08-24,4213.0,-3.0,2023-08-24,4185.0,-0.0007432625619249823,5055.599999999999
1127,JD,2023-08-28,4269.0,-3.0,2023-08-28,4238.0,-0.0007474398868458275,5122.8
1128,JD,2023-08-29,4256.0,-3.0,2023-08-29,4353.0,-0.0007394982332155477,5107.2
1129,JD,2023-08-30,4347.0,-3.0,2023-08-30,4354.0,-0.0007228813559322034,5216.4
1130,JD,2023-08-31,4357.0,-3.0,2023-08-31,4343.0,-0.0007212350035285815,5228.4
1131,JD,2023-09-04,4394.0,-3.0,2023-09-04,4361.0,-0.0007229901269393511,5272.8
1132,JD,2023-09-05,4383.0,-3.0,2023-09-05,4367.0,-0.0007237773079633545,5259.599999999999
1133,JD,2023-09-06,4378.0,-3.0,2023-09-06,4380.0,-0.000725838028169014,5253.599999999999
1134,JD,2023-09-11,4405.0,-3.0,2023-09-11,4401.0,-0.0007250035186488388,5286.0
1135,JD,2023-09-12,4401.0,-3.0,2023-09-12,4415.0,-0.0007260970464135021,5281.2
1136,JD,2023-09-13,4394.0,-3.0,2023-09-13,4378.0,-0.0007233520730850316,5272.8
1137,JD,2023-09-14,4382.0,-3.0,2023-09-14,4385.0,-0.0007254002808988764,5258.4
1138,JD,2023-09-18,4598.0,-3.0,2023-09-18,4567.0,-0.0007244140350877195,5517.599999999999
1139,JD,2023-09-19,4563.0,-3.0,2023-09-19,4582.0,-0.0006828541374474054,5475.599999999999
1140,JD,2023-09-20,4600.0,-3.0,2023-09-20,4638.0,-0.0006794604064470918,5520.0
1141,JD,2023-09-21,4639.0,-3.0,2023-09-21,4608.0,-0.0006732002801120449,5566.8
1142,JD,2023-09-25,4563.0,-3.0,2023-09-25,4545.0,-0.0006774037788663402,5475.599999999999
1143,JD,2023-09-26,4550.0,-3.0,2023-09-26,4557.0,-0.0006804125874125875,5460.0
1144,JD,2023-09-27,4560.0,-3.0,2023-09-27,4581.0,-0.0006788609364081063,5472.0
1145,JD,2023-09-28,4599.0,-3.0,2023-09-28,4587.0,-0.0006751675977653632,5518.8
1146,JD,2023-10-09,4501.0,-3.0,2023-10-09,4373.0,-0.0006765177948360085,5401.2
1147,JD,2023-10-10,4366.0,-3.0,2023-10-10,4337.0,-0.0006958786610878662,5239.2
